Year,Month,Day,Flow
2000,1,1,0.665
2000,1,2,0.697
2000,1,3,0.678
2000,1,4,0.649
2000,1,5,0.614
2000,1,6,0.592
2000,1,7,0.563
2000,1,8,0.535
2000,1,9,0.508
2000,1,10,0.494
2000,1,11,0.482
2000,1,12,0.47
2000,1,13,0.458
2000,1,14,0.446
2000,1,15,0.434
2000,1,16,0.424
2000,1,17,0.423
2000,1,18,0.425
2000,1,19,0.427
2000,1,20,0.428
2000,1,21,0.429
2000,1,22,0.431
2000,1,23,0.432
2000,1,24,0.429
2000,1,25,0.425
2000,1,26,0.421
2000,1,27,0.418
2000,1,28,0.414
2000,1,29,0.41
2000,1,30,0.406
2000,1,31,0.404
2000,2,1,0.403
2000,2,2,0.401
2000,2,3,0.402
2000,2,4,0.414
2000,2,5,0.428
2000,2,6,0.443
2000,2,7,0.457
2000,2,8,0.471
2000,2,9,0.485
2000,2,10,0.497
2000,2,11,0.5
2000,2,12,0.5
2000,2,13,0.5
2000,2,14,0.501
2000,2,15,0.501
2000,2,16,0.502
2000,2,17,0.502
2000,2,18,0.501
2000,2,19,0.5
2000,2,20,0.5
2000,2,21,0.499
2000,2,22,0.498
2000,2,23,0.497
2000,2,24,0.498
2000,2,25,0.514
2000,2,26,0.532
2000,2,27,0.55
2000,2,28,0.569
2000,2,29,0.587
2000,3,1,0.605
2000,3,2,0.62
2000,3,3,0.617
2000,3,4,0.611
2000,3,5,0.605
2000,3,6,0.599
2000,3,7,0.593
2000,3,8,0.588
2000,3,9,0.583
2000,3,10,0.586
2000,3,11,0.591
2000,3,12,0.595
2000,3,13,0.599
2000,3,14,0.604
2000,3,15,0.608
2000,3,16,0.612
2000,3,17,0.613
2000,3,18,0.607
2000,3,19,0.543
2000,3,20,0.537
2000,3,21,0.537
2000,3,22,0.537
2000,3,23,0.537
2000,3,24,0.531
2000,3,25,0.47
2000,3,26,0.464
2000,3,27,0.464
2000,3,28,0.464
2000,3,29,0.464
2000,3,30,0.464
2000,3,31,0.464
2000,4,1,0.477
2000,4,2,0.601
2000,4,3,0.613
2000,4,4,0.573
2000,4,5,0.537
2000,4,6,0.537
2000,4,7,0.537
2000,4,8,0.537
2000,4,9,0.537
2000,4,10,0.537
2000,4,11,0.537
2000,4,12,0.537
2000,4,13,0.531
2000,4,14,0.47
2000,4,15,0.464
2000,4,16,0.464
2000,4,17,0.464
2000,4,18,0.47
2000,4,19,0.531
2000,4,20,0.537
2000,4,21,0.537
2000,4,22,0.537
2000,4,23,0.531
2000,4,24,0.47
2000,4,25,0.47
2000,4,26,0.569
2000,4,27,0.575
2000,4,28,0.537
2000,4,29,0.569
2000,4,30,0.537
2000,5,1,0.47
2000,5,2,0.464
2000,5,3,0.464
2000,5,4,0.47
2000,5,5,0.525
2000,5,6,0.47
2000,5,7,0.459
2000,5,8,0.405
2000,5,9,0.411
2000,5,10,0.489
2000,5,11,0.464
2000,5,12,0.464
2000,5,13,0.464
2000,5,14,0.578
2000,5,15,0.692
2000,5,16,0.653
2000,5,17,0.613
2000,5,18,0.62
2000,5,19,0.686
2000,5,20,0.692
2000,5,21,0.692
2000,5,22,0.692
2000,5,23,0.651
2000,5,24,0.613
2000,5,25,0.588
2000,5,26,0.679
2000,5,27,0.768
2000,5,28,0.74
2000,5,29,0.653
2000,5,30,0.607
2000,5,31,0.519
2000,6,1,0.537
2000,6,2,0.537
2000,6,3,0.537
2000,6,4,0.537
2000,6,5,0.537
2000,6,6,0.494
2000,6,7,0.464
2000,6,8,0.426
2000,6,9,0.399
2000,6,10,0.399
2000,6,11,0.394
2000,6,12,0.338
2000,6,13,0.338
2000,6,14,0.338
2000,6,15,0.338
2000,6,16,0.338
2000,6,17,0.338
2000,6,18,0.338
2000,6,19,0.338
2000,6,20,0.333
2000,6,21,0.282
2000,6,22,0.282
2000,6,23,0.282
2000,6,24,0.282
2000,6,25,0.282
2000,6,26,0.282
2000,6,27,0.282
2000,6,28,0.282
2000,6,29,0.282
2000,6,30,0.282
2000,7,1,0.282
2000,7,2,0.246
2000,7,3,0.175
2000,7,4,0.22
2000,7,5,0.506
2000,7,6,0.778
2000,7,7,0.989
2000,7,8,0.894
2000,7,9,0.857
2000,7,10,0.794
2000,7,11,0.726
2000,7,12,0.692
2000,7,13,1.04
2000,7,14,0.896
2000,7,15,0.739
2000,7,16,0.712
2000,7,17,0.726
2000,7,18,0.692
2000,7,19,0.685
2000,7,20,0.613
2000,7,21,0.613
2000,7,22,0.613
2000,7,23,0.581
2000,7,24,0.537
2000,7,25,0.507
2000,7,26,0.464
2000,7,27,0.644
2000,7,28,0.726
2000,7,29,0.685
2000,7,30,0.613
2000,7,31,0.607
2000,8,1,0.537
2000,8,2,0.575
2000,8,3,0.692
2000,8,4,0.692
2000,8,5,0.692
2000,8,6,0.739
2000,8,7,0.773
2000,8,8,0.966
2000,8,9,22.4
2000,8,10,17.2
2000,8,11,10.2
2000,8,12,7.75
2000,8,13,7.05
2000,8,14,7.68
2000,8,15,7.12
2000,8,16,6.28
2000,8,17,5.7
2000,8,18,5.62
2000,8,19,5.11
2000,8,20,4.71
2000,8,21,4.19
2000,8,22,3.77
2000,8,23,3.77
2000,8,24,3.6
2000,8,25,3.27
2000,8,26,3.27
2000,8,27,3
2000,8,28,2.8
2000,8,29,2.8
2000,8,30,2.75
2000,8,31,2.53
2000,9,1,2.36
2000,9,2,2.36
2000,9,3,2.24
2000,9,4,2.16
2000,9,5,2.33
2000,9,6,2.11
2000,9,7,1.84
2000,9,8,1.57
2000,9,9,1.44
2000,9,10,1.3
2000,9,11,1.3
2000,9,12,1.47
2000,9,13,1.31
2000,9,14,1.29
2000,9,15,1.17
2000,9,16,1.17
2000,9,17,1.17
2000,9,18,1.16
2000,9,19,1.05
2000,9,20,1.14
2000,9,21,1.17
2000,9,22,1.18
2000,9,23,1.3
2000,9,24,1.3
2000,9,25,1.29
2000,9,26,1.17
2000,9,27,1.17
2000,9,28,1.17
2000,9,29,1.17
2000,9,30,1.17
2000,10,1,1.17
2000,10,2,1.18
2000,10,3,1.29
2000,10,4,1.3
2000,10,5,1.29
2000,10,6,1.18
2000,10,7,1.17
2000,10,8,1.17
2000,10,9,1.17
2000,10,10,1.16
2000,10,11,1.06
2000,10,12,1.05
2000,10,13,1.05
2000,10,14,1.04
2000,10,15,0.955
2000,10,16,0.946
2000,10,17,0.946
2000,10,18,0.946
2000,10,19,0.946
2000,10,20,0.946
2000,10,21,0.946
2000,10,22,0.955
2000,10,23,1.04
2000,10,24,1.05
2000,10,25,1.05
2000,10,26,0.998
2000,10,27,0.946
2000,10,28,0.939
2000,10,29,0.865
2000,10,30,0.857
2000,10,31,0.857
2000,11,1,0.865
2000,11,2,0.939
2000,11,3,0.946
2000,11,4,0.946
2000,11,5,0.946
2000,11,6,0.902
2000,11,7,0.857
2000,11,8,0.857
2000,11,9,0.857
2000,11,10,0.857
2000,11,11,0.85
2000,11,12,0.78
2000,11,13,0.773
2000,11,14,0.773
2000,11,15,0.774
2000,11,16,0.774
2000,11,17,0.771
2000,11,18,0.753
2000,11,19,0.732
2000,11,20,0.71
2000,11,21,0.689
2000,11,22,0.668
2000,11,23,0.647
2000,11,24,0.626
2000,11,25,0.605
2000,11,26,0.584
2000,11,27,0.568
2000,11,28,0.581
2000,11,29,0.598
2000,11,30,0.616
2000,12,1,0.634
2000,12,2,0.651
2000,12,3,0.669
2000,12,4,0.678
2000,12,5,0.675
2000,12,6,0.663
2000,12,7,0.651
2000,12,8,0.64
2000,12,9,0.628
2000,12,10,0.617
2000,12,11,0.605
2000,12,12,0.594
2000,12,13,0.583
2000,12,14,0.572
2000,12,15,0.561
2000,12,16,0.549
2000,12,17,0.538
2000,12,18,0.528
2000,12,19,0.526
2000,12,20,0.525
2000,12,21,0.524
2000,12,22,0.523
2000,12,23,0.523
2000,12,24,0.522
2000,12,25,0.522
2000,12,26,0.528
2000,12,27,0.534
2000,12,28,0.541
2000,12,29,0.547
2000,12,30,0.554
2000,12,31,0.555
2001,1,1,0.528
2001,1,2,0.497
2001,1,3,0.465
2001,1,4,0.434
2001,1,5,0.407
2001,1,6,0.419
2001,1,7,0.44
2001,1,8,0.46
2001,1,9,0.48
2001,1,10,0.5
2001,1,11,0.524
2001,1,12,0.537
2001,1,13,0.521
2001,1,14,0.493
2001,1,15,0.466
2001,1,16,0.439
2001,1,17,0.416
2001,1,18,0.384
2001,1,19,0.367
2001,1,20,0.357
2001,1,21,0.357
2001,1,22,0.357
2001,1,23,0.357
2001,1,24,0.357
2001,1,25,0.357
2001,1,26,0.357
2001,1,27,0.355
2001,1,28,0.353
2001,1,29,0.351
2001,1,30,0.348
2001,1,31,0.347
2001,2,1,0.345
2001,2,2,0.343
2001,2,3,0.356
2001,2,4,0.372
2001,2,5,0.389
2001,2,6,0.405
2001,2,7,0.421
2001,2,8,0.438
2001,2,9,0.454
2001,2,10,0.468
2001,2,11,0.482
2001,2,12,0.496
2001,2,13,0.51
2001,2,14,0.523
2001,2,15,0.537
2001,2,16,0.549
2001,2,17,0.546
2001,2,18,0.539
2001,2,19,0.532
2001,2,20,0.525
2001,2,21,0.518
2001,2,22,0.511
2001,2,23,0.507
2001,2,24,0.507
2001,2,25,0.511
2001,2,26,0.515
2001,2,27,0.52
2001,2,28,0.523
2001,3,1,0.523
2001,3,2,0.522
2001,3,3,0.628
2001,3,4,1.01
2001,3,5,0.43
2001,3,6,0.557
2001,3,7,1.08
2001,3,8,0.509
2001,3,9,0.43
2001,3,10,0.43
2001,3,11,0.43
2001,3,12,0.43
2001,3,13,0.43
2001,3,14,0.43
2001,3,15,0.43
2001,3,16,0.43
2001,3,17,0.43
2001,3,18,0.43
2001,3,19,0.43
2001,3,20,0.43
2001,3,21,0.43
2001,3,22,0.43
2001,3,23,0.43
2001,3,24,0.43
2001,3,25,0.43
2001,3,26,0.43
2001,3,27,0.43
2001,3,28,0.43
2001,3,29,0.43
2001,3,30,0.43
2001,3,31,0.424
2001,4,1,0.359
2001,4,2,0.352
2001,4,3,0.352
2001,4,4,0.352
2001,4,5,0.352
2001,4,6,0.352
2001,4,7,0.352
2001,4,8,0.352
2001,4,9,0.359
2001,4,10,0.424
2001,4,11,0.424
2001,4,12,0.359
2001,4,13,0.352
2001,4,14,0.352
2001,4,15,0.352
2001,4,16,0.352
2001,4,17,0.352
2001,4,18,0.352
2001,4,19,0.32
2001,4,20,0.288
2001,4,21,0.288
2001,4,22,0.288
2001,4,23,0.288
2001,4,24,0.288
2001,4,25,0.288
2001,4,26,0.288
2001,4,27,0.293
2001,4,28,0.315
2001,4,29,0.288
2001,4,30,0.288
2001,5,1,0.288
2001,5,2,0.288
2001,5,3,0.288
2001,5,4,0.288
2001,5,5,0.293
2001,5,6,0.347
2001,5,7,0.359
2001,5,8,0.424
2001,5,9,0.43
2001,5,10,0.43
2001,5,11,0.424
2001,5,12,0.359
2001,5,13,0.32
2001,5,14,0.288
2001,5,15,0.288
2001,5,16,0.288
2001,5,17,0.288
2001,5,18,0.284
2001,5,19,0.24
2001,5,20,0.235
2001,5,21,0.212
2001,5,22,0.185
2001,5,23,0.151
2001,5,24,0.172
2001,5,25,0.231
2001,5,26,0.212
2001,5,27,0.188
2001,5,28,0.188
2001,5,29,0.168
2001,5,30,0.147
2001,5,31,0.147
2001,6,1,0.132
2001,6,2,0.11
2001,6,3,0.11
2001,6,4,0.11
2001,6,5,0.09
2001,6,6,0.066
2001,6,7,0.052
2001,6,8,0.07
2001,6,9,0.053
2001,6,10,0.053
2001,6,11,0.053
2001,6,12,0.053
2001,6,13,0.121
2001,6,14,0.37
2001,6,15,1.57
2001,6,16,3.54
2001,6,17,3.12
2001,6,18,4.23
2001,6,19,9.26
2001,6,20,5.32
2001,6,21,3.55
2001,6,22,3.18
2001,6,23,3.18
2001,6,24,3.18
2001,6,25,3.08
2001,6,26,2.67
2001,6,27,2.47
2001,6,28,4.44
2001,6,29,3.98
2001,6,30,3.31
2001,7,1,3.16
2001,7,2,2.94
2001,7,3,2.96
2001,7,4,5.36
2001,7,5,6.67
2001,7,6,6.2
2001,7,7,6.01
2001,7,8,5.58
2001,7,9,6.97
2001,7,10,6.12
2001,7,11,5.19
2001,7,12,4.87
2001,7,13,4.63
2001,7,14,5.68
2001,7,15,5.25
2001,7,16,4.35
2001,7,17,4.1
2001,7,18,3.75
2001,7,19,3.78
2001,7,20,3.7
2001,7,21,6.95
2001,7,22,26.8
2001,7,23,18.5
2001,7,24,14.9
2001,7,25,139
2001,7,26,68.8
2001,7,27,41.6
2001,7,28,27.8
2001,7,29,20.1
2001,7,30,16.5
2001,7,31,14.6
2001,8,1,12.7
2001,8,2,11
2001,8,3,10.9
2001,8,4,9.71
2001,8,5,8.66
2001,8,6,8.4
2001,8,7,7.8
2001,8,8,7.13
2001,8,9,6.75
2001,8,10,6.52
2001,8,11,6.4
2001,8,12,6.21
2001,8,13,5.79
2001,8,14,5.55
2001,8,15,5.39
2001,8,16,5.1
2001,8,17,8.75
2001,8,18,6.44
2001,8,19,7.28
2001,8,20,10.5
2001,8,21,10.4
2001,8,22,9.94
2001,8,23,9.11
2001,8,24,9.5
2001,8,25,10.3
2001,8,26,9.07
2001,8,27,8.27
2001,8,28,7.68
2001,8,29,6.78
2001,8,30,6.09
2001,8,31,5.63
2001,9,1,5.55
2001,9,2,5.55
2001,9,3,5.36
2001,9,4,5.25
2001,9,5,6.54
2001,9,6,5.3
2001,9,7,4.98
2001,9,8,4.9
2001,9,9,4.48
2001,9,10,4.15
2001,9,11,3.96
2001,9,12,3.7
2001,9,13,3.7
2001,9,14,3.54
2001,9,15,3.43
2001,9,16,3.33
2001,9,17,3.08
2001,9,18,2.94
2001,9,19,2.85
2001,9,20,2.72
2001,9,21,2.72
2001,9,22,2.72
2001,9,23,2.72
2001,9,24,3.08
2001,9,25,2.89
2001,9,26,2.72
2001,9,27,2.68
2001,9,28,2.5
2001,9,29,2.12
2001,9,30,2.12
2001,10,1,2.04
2001,10,2,1.98
2001,10,3,2.39
2001,10,4,2.59
2001,10,5,2.32
2001,10,6,2.21
2001,10,7,2.11
2001,10,8,2
2001,10,9,2.36
2001,10,10,2.32
2001,10,11,2.21
2001,10,12,2.12
2001,10,13,2.11
2001,10,14,1.97
2001,10,15,1.95
2001,10,16,1.95
2001,10,17,1.95
2001,10,18,1.95
2001,10,19,1.95
2001,10,20,1.94
2001,10,21,1.8
2001,10,22,1.79
2001,10,23,1.79
2001,10,24,1.79
2001,10,25,1.78
2001,10,26,1.64
2001,10,27,1.66
2001,10,28,1.84
2001,10,29,1.71
2001,10,30,1.63
2001,10,31,1.63
2001,11,1,1.63
2001,11,2,1.63
2001,11,3,1.63
2001,11,4,1.63
2001,11,5,1.63
2001,11,6,1.63
2001,11,7,1.63
2001,11,8,1.63
2001,11,9,1.56
2001,11,10,1.48
2001,11,11,1.48
2001,11,12,1.48
2001,11,13,1.48
2001,11,14,1.48
2001,11,15,1.48
2001,11,16,1.48
2001,11,17,1.48
2001,11,18,1.48
2001,11,19,1.48
2001,11,20,1.48
2001,11,21,1.48
2001,11,22,1.41
2001,11,23,1.33
2001,11,24,1.32
2001,11,25,1.32
2001,11,26,1.31
2001,11,27,1.3
2001,11,28,1.29
2001,11,29,1.29
2001,11,30,1.28
2001,12,1,1.28
2001,12,2,1.27
2001,12,3,1.26
2001,12,4,1.25
2001,12,5,1.25
2001,12,6,1.24
2001,12,7,1.22
2001,12,8,1.2
2001,12,9,1.19
2001,12,10,1.17
2001,12,11,1.16
2001,12,12,1.14
2001,12,13,1.13
2001,12,14,1.11
2001,12,15,1.1
2001,12,16,1.08
2001,12,17,1.06
2001,12,18,1.05
2001,12,19,1.03
2001,12,20,0.973
2001,12,21,0.914
2001,12,22,0.854
2001,12,23,0.794
2001,12,24,0.734
2001,12,25,0.682
2001,12,26,0.688
2001,12,27,0.705
2001,12,28,0.718
2001,12,29,0.738
2001,12,30,0.754
2001,12,31,0.772
2002,1,1,0.799
2002,1,2,0.839
2002,1,3,0.879
2002,1,4,0.919
2002,1,5,0.959
2002,1,6,0.993
2002,1,7,0.984
2002,1,8,0.967
2002,1,9,0.95
2002,1,10,0.933
2002,1,11,0.916
2002,1,12,0.899
2002,1,13,0.882
2002,1,14,0.872
2002,1,15,0.863
2002,1,16,0.852
2002,1,17,0.844
2002,1,18,0.835
2002,1,19,0.826
2002,1,20,0.818
2002,1,21,0.832
2002,1,22,0.85
2002,1,23,0.868
2002,1,24,0.886
2002,1,25,0.904
2002,1,26,0.922
2002,1,27,0.935
2002,1,28,0.91
2002,1,29,0.876
2002,1,30,0.842
2002,1,31,0.808
2002,2,1,0.775
2002,2,2,0.746
2002,2,3,0.753
2002,2,4,0.766
2002,2,5,0.779
2002,2,6,0.792
2002,2,7,0.808
2002,2,8,0.818
2002,2,9,0.829
2002,2,10,0.822
2002,2,11,0.81
2002,2,12,0.799
2002,2,13,0.787
2002,2,14,0.776
2002,2,15,0.764
2002,2,16,0.754
2002,2,17,0.749
2002,2,18,0.745
2002,2,19,0.741
2002,2,20,0.738
2002,2,21,0.734
2002,2,22,0.73
2002,2,23,0.726
2002,2,24,0.72
2002,2,25,0.714
2002,2,26,0.708
2002,2,27,0.701
2002,2,28,0.695
2002,3,1,0.689
2002,3,2,0.683
2002,3,3,0.682
2002,3,4,0.682
2002,3,5,0.682
2002,3,6,0.682
2002,3,7,0.682
2002,3,8,0.682
2002,3,9,0.682
2002,3,10,0.682
2002,3,11,0.682
2002,3,12,0.682
2002,3,13,0.682
2002,3,14,0.682
2002,3,15,0.631
2002,3,16,0.58
2002,3,17,0.58
2002,3,18,0.58
2002,3,19,0.58
2002,3,20,0.58
2002,3,21,0.58
2002,3,22,0.58
2002,3,23,0.58
2002,3,24,0.58
2002,3,25,0.58
2002,3,26,0.58
2002,3,27,0.58
2002,3,28,0.58
2002,3,29,0.64
2002,3,30,0.77
2002,3,31,0.691
2002,4,1,0.682
2002,4,2,0.631
2002,4,3,0.58
2002,4,4,0.589
2002,4,5,0.736
2002,4,6,0.835
2002,4,7,0.779
2002,4,8,0.691
2002,4,9,0.682
2002,4,10,0.682
2002,4,11,0.626
2002,4,12,0.58
2002,4,13,0.58
2002,4,14,0.58
2002,4,15,0.58
2002,4,16,0.58
2002,4,17,0.58
2002,4,18,0.58
2002,4,19,0.58
2002,4,20,0.58
2002,4,21,0.58
2002,4,22,0.589
2002,4,23,0.674
2002,4,24,0.682
2002,4,25,0.631
2002,4,26,0.58
2002,4,27,0.58
2002,4,28,0.589
2002,4,29,0.674
2002,4,30,0.682
2002,5,1,0.682
2002,5,2,0.682
2002,5,3,0.682
2002,5,4,0.682
2002,5,5,0.682
2002,5,6,0.682
2002,5,7,0.674
2002,5,8,0.589
2002,5,9,0.58
2002,5,10,0.58
2002,5,11,0.535
2002,5,12,0.498
2002,5,13,0.573
2002,5,14,0.58
2002,5,15,0.58
2002,5,16,0.58
2002,5,17,0.58
2002,5,18,0.573
2002,5,19,0.491
2002,5,20,0.419
2002,5,21,0.412
2002,5,22,0.412
2002,5,23,0.412
2002,5,24,0.412
2002,5,25,0.407
2002,5,26,0.355
2002,5,27,0.35
2002,5,28,0.35
2002,5,29,0.35
2002,5,30,0.35
2002,5,31,0.35
2002,6,1,0.35
2002,6,2,0.35
2002,6,3,0.35
2002,6,4,0.35
2002,6,5,0.35
2002,6,6,0.346
2002,6,7,0.298
2002,6,8,0.298
2002,6,9,0.302
2002,6,10,0.673
2002,6,11,0.589
2002,6,12,0.58
2002,6,13,0.58
2002,6,14,0.58
2002,6,15,0.58
2002,6,16,0.58
2002,6,17,0.58
2002,6,18,0.58
2002,6,19,0.543
2002,6,20,0.49
2002,6,21,0.49
2002,6,22,0.49
2002,6,23,0.585
2002,6,24,0.682
2002,6,25,0.682
2002,6,26,0.682
2002,6,27,0.726
2002,6,28,0.788
2002,6,29,0.788
2002,6,30,0.788
2002,7,1,0.797
2002,7,2,0.816
2002,7,3,0.788
2002,7,4,0.788
2002,7,5,0.788
2002,7,6,0.788
2002,7,7,0.788
2002,7,8,0.726
2002,7,9,0.682
2002,7,10,0.682
2002,7,11,0.682
2002,7,12,0.682
2002,7,13,0.623
2002,7,14,0.543
2002,7,15,0.49
2002,7,16,0.49
2002,7,17,0.498
2002,7,18,0.624
2002,7,19,0.874
2002,7,20,0.901
2002,7,21,1.03
2002,7,22,1.58
2002,7,23,1.27
2002,7,24,1.15
2002,7,25,1.27
2002,7,26,1.12
2002,7,27,1.04
2002,7,28,1.05
2002,7,29,1.18
2002,7,30,1.18
2002,7,31,1.18
2002,8,1,1.18
2002,8,2,1.12
2002,8,3,1.04
2002,8,4,1.37
2002,8,5,1.48
2002,8,6,1.34
2002,8,7,1.27
2002,8,8,1.18
2002,8,9,1.18
2002,8,10,1.12
2002,8,11,1.15
2002,8,12,1.19
2002,8,13,1.27
2002,8,14,1.18
2002,8,15,1.18
2002,8,16,1.1
2002,8,17,1.04
2002,8,18,0.982
2002,8,19,0.901
2002,8,20,0.901
2002,8,21,0.835
2002,8,22,0.788
2002,8,23,0.788
2002,8,24,0.788
2002,8,25,0.826
2002,8,26,0.835
2002,8,27,0.854
2002,8,28,0.833
2002,8,29,1.76
2002,8,30,1.75
2002,8,31,1.65
2002,9,1,1.55
2002,9,2,1.48
2002,9,3,1.48
2002,9,4,1.48
2002,9,5,1.44
2002,9,6,1.33
2002,9,7,1.33
2002,9,8,1.19
2002,9,9,1.1
2002,9,10,1.04
2002,9,11,1.08
2002,9,12,1.18
2002,9,13,1.18
2002,9,14,1.18
2002,9,15,1.12
2002,9,16,1.04
2002,9,17,1.04
2002,9,18,1.01
2002,9,19,0.901
2002,9,20,0.901
2002,9,21,0.901
2002,9,22,0.901
2002,9,23,0.901
2002,9,24,0.901
2002,9,25,0.854
2002,9,26,0.788
2002,9,27,0.926
2002,9,28,1.04
2002,9,29,1.04
2002,9,30,0.982
2002,10,1,0.892
2002,10,2,0.798
2002,10,3,0.788
2002,10,4,0.788
2002,10,5,0.788
2002,10,6,0.788
2002,10,7,0.788
2002,10,8,0.788
2002,10,9,0.788
2002,10,10,0.788
2002,10,11,0.788
2002,10,12,0.788
2002,10,13,0.788
2002,10,14,0.788
2002,10,15,0.788
2002,10,16,0.788
2002,10,17,0.821
2002,10,18,1.14
2002,10,19,1.05
2002,10,20,1.04
2002,10,21,1.03
2002,10,22,0.913
2002,10,23,0.901
2002,10,24,0.901
2002,10,25,0.901
2002,10,26,0.845
2002,10,27,0.788
2002,10,28,0.788
2002,10,29,0.788
2002,10,30,0.788
2002,10,31,0.788
2002,11,1,0.788
2002,11,2,0.788
2002,11,3,0.788
2002,11,4,0.788
2002,11,5,0.788
2002,11,6,0.788
2002,11,7,0.788
2002,11,8,0.733
2002,11,9,0.682
2002,11,10,0.682
2002,11,11,0.682
2002,11,12,0.682
2002,11,13,0.682
2002,11,14,0.682
2002,11,15,0.682
2002,11,16,0.631
2002,11,17,0.58
2002,11,18,0.58
2002,11,19,0.577
2002,11,20,0.57
2002,11,21,0.563
2002,11,22,0.556
2002,11,23,0.549
2002,11,24,0.542
2002,11,25,0.535
2002,11,26,0.528
2002,11,27,0.521
2002,11,28,0.514
2002,11,29,0.516
2002,11,30,0.518
2002,12,1,0.521
2002,12,2,0.523
2002,12,3,0.526
2002,12,4,0.527
2002,12,5,0.52
2002,12,6,0.51
2002,12,7,0.501
2002,12,8,0.491
2002,12,9,0.482
2002,12,10,0.473
2002,12,11,0.463
2002,12,12,0.459
2002,12,13,0.456
2002,12,14,0.452
2002,12,15,0.448
2002,12,16,0.445
2002,12,17,0.441
2002,12,18,0.437
2002,12,19,0.43
2002,12,20,0.421
2002,12,21,0.413
2002,12,22,0.404
2002,12,23,0.396
2002,12,24,0.387
2002,12,25,0.378
2002,12,26,0.363
2002,12,27,0.347
2002,12,28,0.33
2002,12,29,0.314
2002,12,30,0.298
2002,12,31,0.281
2003,1,1,0.267
2003,1,2,0.265
2003,1,3,0.265
2003,1,4,0.265
2003,1,5,0.266
2003,1,6,0.266
2003,1,7,0.266
2003,1,8,0.266
2003,1,9,0.26
2003,1,10,0.254
2003,1,11,0.248
2003,1,12,0.242
2003,1,13,0.236
2003,1,14,0.231
2003,1,15,0.225
2003,1,16,0.237
2003,1,17,0.253
2003,1,18,0.268
2003,1,19,0.283
2003,1,20,0.299
2003,1,21,0.314
2003,1,22,0.327
2003,1,23,0.327
2003,1,24,0.323
2003,1,25,0.319
2003,1,26,0.316
2003,1,27,0.312
2003,1,28,0.308
2003,1,29,0.305
2003,1,30,0.304
2003,1,31,0.304
2003,2,1,0.304
2003,2,2,0.305
2003,2,3,0.305
2003,2,4,0.305
2003,2,5,0.306
2003,2,6,0.31
2003,2,7,0.314
2003,2,8,0.318
2003,2,9,0.322
2003,2,10,0.327
2003,2,11,0.331
2003,2,12,0.335
2003,2,13,0.338
2003,2,14,0.342
2003,2,15,0.345
2003,2,16,0.348
2003,2,17,0.351
2003,2,18,0.354
2003,2,19,0.359
2003,2,20,0.379
2003,2,21,0.403
2003,2,22,0.426
2003,2,23,0.449
2003,2,24,0.472
2003,2,25,0.496
2003,2,26,0.518
2003,2,27,0.521
2003,2,28,0.518
2003,3,1,0.514
2003,3,2,0.511
2003,3,3,0.508
2003,3,4,0.505
2003,3,5,0.501
2003,3,6,0.489
2003,3,7,0.477
2003,3,8,0.464
2003,3,9,0.451
2003,3,10,0.438
2003,3,11,0.425
2003,3,12,0.414
2003,3,13,0.421
2003,3,14,0.432
2003,3,15,0.443
2003,3,16,0.455
2003,3,17,0.466
2003,3,18,0.477
2003,3,19,0.49
2003,3,20,0.513
2003,3,21,0.538
2003,3,22,0.564
2003,3,23,0.59
2003,3,24,0.616
2003,3,25,0.641
2003,3,26,0.667
2003,3,27,0.693
2003,3,28,0.719
2003,3,29,0.728
2003,3,30,0.71
2003,3,31,0.71
2003,4,1,0.71
2003,4,2,0.71
2003,4,3,0.71
2003,4,4,0.71
2003,4,5,0.71
2003,4,6,0.71
2003,4,7,0.71
2003,4,8,0.71
2003,4,9,0.71
2003,4,10,0.72
2003,4,11,0.828
2003,4,12,0.839
2003,4,13,0.839
2003,4,14,0.724
2003,4,15,0.609
2003,4,16,0.609
2003,4,17,0.609
2003,4,18,0.609
2003,4,19,0.609
2003,4,20,0.609
2003,4,21,0.609
2003,4,22,0.609
2003,4,23,0.609
2003,4,24,0.609
2003,4,25,0.609
2003,4,26,0.609
2003,4,27,0.609
2003,4,28,0.602
2003,4,29,0.53
2003,4,30,0.523
2003,5,1,0.523
2003,5,2,0.519
2003,5,3,0.476
2003,5,4,0.456
2003,5,5,0.44
2003,5,6,0.443
2003,5,7,0.469
2003,5,8,0.472
2003,5,9,0.472
2003,5,10,0.476
2003,5,11,0.519
2003,5,12,0.519
2003,5,13,0.481
2003,5,14,0.519
2003,5,15,0.523
2003,5,16,0.566
2003,5,17,0.609
2003,5,18,0.609
2003,5,19,0.609
2003,5,20,0.566
2003,5,21,0.498
2003,5,22,0.472
2003,5,23,0.472
2003,5,24,0.472
2003,5,25,0.472
2003,5,26,0.456
2003,5,27,0.44
2003,5,28,1.02
2003,5,29,1.74
2003,5,30,1.51
2003,5,31,1.29
2003,6,1,1.17
2003,6,2,1.04
2003,6,3,0.921
2003,6,4,0.839
2003,6,5,0.839
2003,6,6,0.785
2003,6,7,0.71
2003,6,8,0.71
2003,6,9,2.09
2003,6,10,2.84
2003,6,11,2.56
2003,6,12,1.99
2003,6,13,1.77
2003,6,14,1.7
2003,6,15,1.59
2003,6,16,1.4
2003,6,17,1.28
2003,6,18,1.28
2003,6,19,1.28
2003,6,20,1.28
2003,6,21,1.19
2003,6,22,1.13
2003,6,23,1.87
2003,6,24,2.09
2003,6,25,1.95
2003,6,26,1.77
2003,6,27,1.82
2003,6,28,2.09
2003,6,29,2.09
2003,6,30,1.97
2003,7,1,1.97
2003,7,2,1.97
2003,7,3,1.88
2003,7,4,1.73
2003,7,5,1.86
2003,7,6,2.31
2003,7,7,1.99
2003,7,8,1.97
2003,7,9,1.97
2003,7,10,1.97
2003,7,11,1.97
2003,7,12,1.97
2003,7,13,1.97
2003,7,14,1.97
2003,7,15,1.89
2003,7,16,1.73
2003,7,17,1.53
2003,7,18,1.73
2003,7,19,1.62
2003,7,20,1.44
2003,7,21,1.52
2003,7,22,1.76
2003,7,23,1.6
2003,7,24,1.6
2003,7,25,1.52
2003,7,26,1.56
2003,7,27,4.16
2003,7,28,4.62
2003,7,29,3.22
2003,7,30,2.65
2003,7,31,2.37
2003,8,1,2.35
2003,8,2,2.08
2003,8,3,1.92
2003,8,4,1.87
2003,8,5,1.82
2003,8,6,1.67
2003,8,7,1.6
2003,8,8,1.6
2003,8,9,1.6
2003,8,10,1.6
2003,8,11,1.48
2003,8,12,1.32
2003,8,13,1.28
2003,8,14,1.19
2003,8,15,1.13
2003,8,16,1.07
2003,8,17,0.997
2003,8,18,1.02
2003,8,19,1.04
2003,8,20,1.06
2003,8,21,1.09
2003,8,22,1.11
2003,8,23,1.06
2003,8,24,0.98
2003,8,25,0.98
2003,8,26,0.921
2003,8,27,0.839
2003,8,28,1.77
2003,8,29,2
2003,8,30,1.64
2003,8,31,1.6
2003,9,1,1.53
2003,9,2,1.44
2003,9,3,1.37
2003,9,4,1.28
2003,9,5,1.28
2003,9,6,1.28
2003,9,7,1.49
2003,9,8,1.6
2003,9,9,1.56
2003,9,10,1.38
2003,9,11,1.33
2003,9,12,1.38
2003,9,13,1.37
2003,9,14,1.22
2003,9,15,1.13
2003,9,16,1.13
2003,9,17,1.17
2003,9,18,1.37
2003,9,19,1.37
2003,9,20,1.28
2003,9,21,1.22
2003,9,22,1.14
2003,9,23,1.24
2003,9,24,1.19
2003,9,25,1.28
2003,9,26,1.32
2003,9,27,1.47
2003,9,28,1.51
2003,9,29,1.56
2003,9,30,1.53
2003,10,1,1.36
2003,10,2,1.28
2003,10,3,1.28
2003,10,4,1.27
2003,10,5,1.14
2003,10,6,1.13
2003,10,7,1.13
2003,10,8,1.13
2003,10,9,1.14
2003,10,10,1.27
2003,10,11,2.46
2003,10,12,3.76
2003,10,13,4.39
2003,10,14,4.11
2003,10,15,3.81
2003,10,16,3.94
2003,10,17,3.77
2003,10,18,3.61
2003,10,19,3.28
2003,10,20,3.14
2003,10,21,3
2003,10,22,2.8
2003,10,23,2.6
2003,10,24,2.58
2003,10,25,2.58
2003,10,26,2.48
2003,10,27,2.27
2003,10,28,2.17
2003,10,29,2.17
2003,10,30,2.17
2003,10,31,2.17
2003,11,1,2.15
2003,11,2,1.97
2003,11,3,1.79
2003,11,4,1.77
2003,11,5,1.77
2003,11,6,1.76
2003,11,7,1.63
2003,11,8,1.76
2003,11,9,1.76
2003,11,10,1.61
2003,11,11,1.56
2003,11,12,1.52
2003,11,13,1.48
2003,11,14,1.43
2003,11,15,1.29
2003,11,16,1.28
2003,11,17,1.28
2003,11,18,1.28
2003,11,19,1.28
2003,11,20,1.28
2003,11,21,1.28
2003,11,22,1.28
2003,11,23,1.28
2003,11,24,1.28
2003,11,25,1.28
2003,11,26,1.27
2003,11,27,1.14
2003,11,28,1.12
2003,11,29,0.993
2003,11,30,0.98
2003,12,1,0.988
2003,12,2,1.02
2003,12,3,1.06
2003,12,4,1.09
2003,12,5,1.14
2003,12,6,1.22
2003,12,7,1.39
2003,12,8,1.57
2003,12,9,1.18
2003,12,10,0.947
2003,12,11,1.06
2003,12,12,1.06
2003,12,13,1.01
2003,12,14,1.28
2003,12,15,1.4
2003,12,16,1.32
2003,12,17,1.58
2003,12,18,1.67
2003,12,19,1.92
2003,12,20,1.14
2003,12,21,1.15
2003,12,22,1.42
2003,12,23,1.27
2003,12,24,1.05
2003,12,25,2.13
2003,12,26,2.61
2003,12,27,1.59
2003,12,28,0.95
2003,12,29,0.918
2003,12,30,0.887
2003,12,31,0.855
2004,1,1,0.897
2004,1,2,1
2004,1,3,0.997
2004,1,4,0.973
2004,1,5,0.949
2004,1,6,0.925
2004,1,7,0.901
2004,1,8,0.876
2004,1,9,0.852
2004,1,10,0.824
2004,1,11,0.795
2004,1,12,0.766
2004,1,13,0.737
2004,1,14,0.708
2004,1,15,0.68
2004,1,16,0.649
2004,1,17,0.62
2004,1,18,0.589
2004,1,19,0.558
2004,1,20,0.526
2004,1,21,0.495
2004,1,22,0.466
2004,1,23,0.456
2004,1,24,0.451
2004,1,25,0.445
2004,1,26,0.44
2004,1,27,0.435
2004,1,28,0.429
2004,1,29,0.427
2004,1,30,0.449
2004,1,31,0.478
2004,2,1,0.508
2004,2,2,0.538
2004,2,3,0.568
2004,2,4,0.597
2004,2,5,0.625
2004,2,6,0.638
2004,2,7,0.649
2004,2,8,0.659
2004,2,9,0.669
2004,2,10,0.679
2004,2,11,0.689
2004,2,12,0.696
2004,2,13,0.679
2004,2,14,0.656
2004,2,15,0.633
2004,2,16,0.611
2004,2,17,0.588
2004,2,18,0.566
2004,2,19,0.546
2004,2,20,0.547
2004,2,21,0.553
2004,2,22,0.559
2004,2,23,0.566
2004,2,24,0.572
2004,2,25,0.579
2004,2,26,0.584
2004,2,27,0.578
2004,2,28,0.57
2004,2,29,0.56
2004,3,1,0.551
2004,3,2,0.542
2004,3,3,0.533
2004,3,4,0.523
2004,3,5,0.505
2004,3,6,0.484
2004,3,7,0.463
2004,3,8,0.443
2004,3,9,0.422
2004,3,10,0.401
2004,3,11,0.38
2004,3,12,0.359
2004,3,13,0.338
2004,3,14,0.332
2004,3,15,0.437
2004,3,16,0.448
2004,3,17,0.448
2004,3,18,0.448
2004,3,19,0.448
2004,3,20,0.448
2004,3,21,0.448
2004,3,22,0.448
2004,3,23,0.448
2004,3,24,0.448
2004,3,25,0.448
2004,3,26,0.448
2004,3,27,0.448
2004,3,28,0.448
2004,3,29,0.448
2004,3,30,0.448
2004,3,31,0.448
2004,4,1,0.448
2004,4,2,0.448
2004,4,3,0.448
2004,4,4,0.448
2004,4,5,0.448
2004,4,6,0.411
2004,4,7,0.373
2004,4,8,0.373
2004,4,9,0.411
2004,4,10,0.411
2004,4,11,0.373
2004,4,12,0.373
2004,4,13,0.346
2004,4,14,0.319
2004,4,15,0.319
2004,4,16,0.319
2004,4,17,0.392
2004,4,18,0.528
2004,4,19,0.456
2004,4,20,0.448
2004,4,21,0.448
2004,4,22,0.411
2004,4,23,0.373
2004,4,24,0.373
2004,4,25,0.379
2004,4,26,0.49
2004,4,27,0.544
2004,4,28,0.544
2004,4,29,0.554
2004,4,30,0.65
2004,5,1,0.66
2004,5,2,0.65
2004,5,3,0.546
2004,5,4,0.456
2004,5,5,0.411
2004,5,6,0.346
2004,5,7,0.315
2004,5,8,0.273
2004,5,9,0.238
2004,5,10,0.235
2004,5,11,0.233
2004,5,12,0.209
2004,5,13,0.207
2004,5,14,0.205
2004,5,15,0.189
2004,5,16,0.189
2004,5,17,0.208
2004,5,18,0.233
2004,5,19,0.221
2004,5,20,0.207
2004,5,21,0.207
2004,5,22,0.197
2004,5,23,0.187
2004,5,24,0.187
2004,5,25,0.194
2004,5,26,0.265
2004,5,27,0.254
2004,5,28,0.247
2004,5,29,0.407
2004,5,30,0.522
2004,5,31,0.36
2004,6,1,0.292
2004,6,2,0.25
2004,6,3,0.235
2004,6,4,0.235
2004,6,5,0.235
2004,6,6,0.25
2004,6,7,0.272
2004,6,8,0.272
2004,6,9,0.272
2004,6,10,0.272
2004,6,11,0.276
2004,6,12,0.319
2004,6,13,0.319
2004,6,14,0.299
2004,6,15,0.272
2004,6,16,0.288
2004,6,17,0.857
2004,6,18,1.39
2004,6,19,1.83
2004,6,20,1.9
2004,6,21,1.46
2004,6,22,1.26
2004,6,23,1.31
2004,6,24,1.21
2004,6,25,1.36
2004,6,26,1.28
2004,6,27,1.08
2004,6,28,0.975
2004,6,29,1.14
2004,6,30,1.16
2004,7,1,1.21
2004,7,2,1.36
2004,7,3,1.28
2004,7,4,1.16
2004,7,5,1.08
2004,7,6,0.975
2004,7,7,0.878
2004,7,8,0.881
2004,7,9,1.07
2004,7,10,1.43
2004,7,11,1.41
2004,7,12,1.44
2004,7,13,1.36
2004,7,14,1.39
2004,7,15,2.89
2004,7,16,2.22
2004,7,17,2.3
2004,7,18,2.16
2004,7,19,1.97
2004,7,20,1.77
2004,7,21,2.07
2004,7,22,2.22
2004,7,23,2.42
2004,7,24,2.71
2004,7,25,2.73
2004,7,26,3
2004,7,27,3.25
2004,7,28,3.14
2004,7,29,3.61
2004,7,30,11.5
2004,7,31,10.9
2004,8,1,7.79
2004,8,2,6.47
2004,8,3,5.7
2004,8,4,4.82
2004,8,5,4.13
2004,8,6,3.78
2004,8,7,3.5
2004,8,8,3.18
2004,8,9,2.98
2004,8,10,2.98
2004,8,11,2.73
2004,8,12,3.16
2004,8,13,3.73
2004,8,14,3.52
2004,8,15,3.36
2004,8,16,3.23
2004,8,17,2.98
2004,8,18,2.91
2004,8,19,2.61
2004,8,20,2.46
2004,8,21,2.46
2004,8,22,2.46
2004,8,23,2.46
2004,8,24,2.44
2004,8,25,3.18
2004,8,26,5.85
2004,8,27,5.29
2004,8,28,6.99
2004,8,29,6.8
2004,8,30,6.71
2004,8,31,6.43
2004,9,1,5.9
2004,9,2,5.25
2004,9,3,4.98
2004,9,4,5.25
2004,9,5,4.87
2004,9,6,4.65
2004,9,7,4.3
2004,9,8,3.97
2004,9,9,3.73
2004,9,10,3.52
2004,9,11,3.5
2004,9,12,3.25
2004,9,13,3.14
2004,9,14,3.05
2004,9,15,11.2
2004,9,16,24
2004,9,17,20.7
2004,9,18,16.7
2004,9,19,14.8
2004,9,20,13.1
2004,9,21,11.1
2004,9,22,9.7
2004,9,23,8.95
2004,9,24,8.13
2004,9,25,7.46
2004,9,26,6.86
2004,9,27,6.22
2004,9,28,6.07
2004,9,29,6.07
2004,9,30,6.07
2004,10,1,6.04
2004,10,2,5.69
2004,10,3,5.33
2004,10,4,5
2004,10,5,4.71
2004,10,6,4.53
2004,10,7,4.35
2004,10,8,4.11
2004,10,9,4.07
2004,10,10,3.83
2004,10,11,3.66
2004,10,12,3.52
2004,10,13,3.52
2004,10,14,3.69
2004,10,15,3.78
2004,10,16,3.5
2004,10,17,3.27
2004,10,18,3.12
2004,10,19,2.98
2004,10,20,2.96
2004,10,21,2.73
2004,10,22,2.71
2004,10,23,2.71
2004,10,24,2.71
2004,10,25,2.71
2004,10,26,2.58
2004,10,27,2.46
2004,10,28,2.46
2004,10,29,2.46
2004,10,30,2.46
2004,10,31,2.72
2004,11,1,2.96
2004,11,2,2.73
2004,11,3,2.71
2004,11,4,2.59
2004,11,5,2.46
2004,11,6,2.34
2004,11,7,2.22
2004,11,8,2.2
2004,11,9,2.15
2004,11,10,2.42
2004,11,11,2.24
2004,11,12,2.22
2004,11,13,2.11
2004,11,14,1.99
2004,11,15,1.99
2004,11,16,1.99
2004,11,17,1.99
2004,11,18,1.99
2004,11,19,1.97
2004,11,20,1.79
2004,11,21,1.77
2004,11,22,1.77
2004,11,23,1.67
2004,11,24,1.56
2004,11,25,1.56
2004,11,26,1.56
2004,11,27,1.67
2004,11,28,1.77
2004,11,29,1.77
2004,11,30,1.77
2004,12,1,1.67
2004,12,2,1.56
2004,12,3,1.56
2004,12,4,1.56
2004,12,5,1.55
2004,12,6,1.5
2004,12,7,1.44
2004,12,8,1.38
2004,12,9,1.31
2004,12,10,1.25
2004,12,11,1.19
2004,12,12,1.14
2004,12,13,1.17
2004,12,14,1.24
2004,12,15,1.28
2004,12,16,1.34
2004,12,17,1.4
2004,12,18,1.45
2004,12,19,1.5
2004,12,20,1.47
2004,12,21,1.41
2004,12,22,1.33
2004,12,23,1.27
2004,12,24,1.21
2004,12,25,1.14
2004,12,26,1.08
2004,12,27,1.07
2004,12,28,1.08
2004,12,29,1.08
2004,12,30,1.09
2004,12,31,1.08
2005,1,1,1.06
2005,1,2,1.02
2005,1,3,0.987
2005,1,4,0.954
2005,1,5,0.921
2005,1,6,0.889
2005,1,7,0.869
2005,1,8,0.851
2005,1,9,0.833
2005,1,10,0.814
2005,1,11,0.796
2005,1,12,0.778
2005,1,13,0.766
2005,1,14,0.791
2005,1,15,0.821
2005,1,16,0.852
2005,1,17,0.882
2005,1,18,0.913
2005,1,19,0.944
2005,1,20,0.97
2005,1,21,0.955
2005,1,22,0.932
2005,1,23,0.908
2005,1,24,0.884
2005,1,25,0.86
2005,1,26,0.836
2005,1,27,0.812
2005,1,28,0.782
2005,1,29,0.752
2005,1,30,0.721
2005,1,31,0.69
2005,2,1,0.659
2005,2,2,0.629
2005,2,3,0.6
2005,2,4,0.586
2005,2,5,0.575
2005,2,6,0.564
2005,2,7,0.553
2005,2,8,0.542
2005,2,9,0.531
2005,2,10,0.522
2005,2,11,0.534
2005,2,12,0.548
2005,2,13,0.563
2005,2,14,0.578
2005,2,15,0.593
2005,2,16,0.607
2005,2,17,0.621
2005,2,18,0.635
2005,2,19,0.649
2005,2,20,0.663
2005,2,21,0.677
2005,2,22,0.691
2005,2,23,0.703
2005,2,24,0.703
2005,2,25,0.701
2005,2,26,0.699
2005,2,27,0.697
2005,2,28,0.695
2005,3,1,0.693
2005,3,2,0.69
2005,3,3,0.68
2005,3,4,0.669
2005,3,5,0.658
2005,3,6,0.646
2005,3,7,0.635
2005,3,8,0.624
2005,3,9,0.611
2005,3,10,0.592
2005,3,11,0.571
2005,3,12,0.551
2005,3,13,0.53
2005,3,14,0.509
2005,3,15,0.488
2005,3,16,0.472
2005,3,17,0.476
2005,3,18,0.483
2005,3,19,0.489
2005,3,20,0.496
2005,3,21,0.503
2005,3,22,0.51
2005,3,23,0.516
2005,3,24,0.521
2005,3,25,0.529
2005,3,26,0.536
2005,3,27,0.543
2005,3,28,0.55
2005,3,29,0.556
2005,3,30,0.562
2005,3,31,0.563
2005,4,1,0.704
2005,4,2,0.72
2005,4,3,0.652
2005,4,4,0.571
2005,4,5,0.571
2005,4,6,0.652
2005,4,7,0.66
2005,4,8,0.744
2005,4,9,1.03
2005,4,10,0.933
2005,4,11,0.92
2005,4,12,0.85
2005,4,13,0.78
2005,4,14,0.72
2005,4,15,0.68
2005,4,16,1.13
2005,4,17,0.794
2005,4,18,0.68
2005,4,19,0.77
2005,4,20,0.72
2005,4,21,0.66
2005,4,22,0.66
2005,4,23,0.66
2005,4,24,0.66
2005,4,25,0.732
2005,4,26,0.838
2005,4,27,0.712
2005,4,28,0.612
2005,4,29,0.571
2005,4,30,0.563
2005,5,1,0.557
2005,5,2,0.496
2005,5,3,0.497
2005,5,4,0.589
2005,5,5,0.869
2005,5,6,0.633
2005,5,7,0.622
2005,5,8,0.77
2005,5,9,0.78
2005,5,10,0.78
2005,5,11,0.72
2005,5,12,0.652
2005,5,13,0.571
2005,5,14,0.612
2005,5,15,0.66
2005,5,16,0.682
2005,5,17,1.06
2005,5,18,1.29
2005,5,19,1.22
2005,5,20,1.2
2005,5,21,0.958
2005,5,22,1.05
2005,5,23,0.933
2005,5,24,0.92
2005,5,25,0.92
2005,5,26,0.92
2005,5,27,0.908
2005,5,28,0.792
2005,5,29,0.817
2005,5,30,1.28
2005,5,31,1.55
2005,6,1,1.65
2005,6,2,2.05
2005,6,3,1.94
2005,6,4,1.82
2005,6,5,1.76
2005,6,6,2.1
2005,6,7,2.46
2005,6,8,4.75
2005,6,9,5.44
2005,6,10,7.18
2005,6,11,6.5
2005,6,12,5.87
2005,6,13,6.28
2005,6,14,6.68
2005,6,15,6.2
2005,6,16,5.3
2005,6,17,5.36
2005,6,18,4.55
2005,6,19,3.9
2005,6,20,3.48
2005,6,21,3.2
2005,6,22,2.92
2005,6,23,2.59
2005,6,24,2.59
2005,6,25,2.67
2005,6,26,3.46
2005,6,27,3.03
2005,6,28,2.73
2005,6,29,3.45
2005,6,30,3.48
2005,7,1,3.09
2005,7,2,2.73
2005,7,3,2.43
2005,7,4,2.37
2005,7,5,2.37
2005,7,6,2.08
2005,7,7,1.98
2005,7,8,2.24
2005,7,9,2.03
2005,7,10,2.26
2005,7,11,2.37
2005,7,12,2.28
2005,7,13,2.08
2005,7,14,2.3
2005,7,15,2.15
2005,7,16,1.96
2005,7,17,1.76
2005,7,18,1.74
2005,7,19,1.67
2005,7,20,1.56
2005,7,21,1.58
2005,7,22,1.67
2005,7,23,2.39
2005,7,24,2.67
2005,7,25,2.33
2005,7,26,2.06
2005,7,27,1.96
2005,7,28,2.41
2005,7,29,2.1
2005,7,30,1.79
2005,7,31,1.74
2005,8,1,1.74
2005,8,2,1.64
2005,8,3,1.67
2005,8,4,1.74
2005,8,5,2.85
2005,8,6,4.42
2005,8,7,3.18
2005,8,8,2.75
2005,8,9,3.18
2005,8,10,4.05
2005,8,11,3.6
2005,8,12,39.3
2005,8,13,77.6
2005,8,14,36
2005,8,15,25
2005,8,16,23
2005,8,17,34.5
2005,8,18,35.9
2005,8,19,27.8
2005,8,20,22.7
2005,8,21,19.1
2005,8,22,16.6
2005,8,23,14.8
2005,8,24,13.4
2005,8,25,11.9
2005,8,26,10.4
2005,8,27,9.69
2005,8,28,8.99
2005,8,29,8.38
2005,8,30,8.09
2005,8,31,7.47
2005,9,1,7.06
2005,9,2,6.59
2005,9,3,6.22
2005,9,4,5.86
2005,9,5,5.41
2005,9,6,5.14
2005,9,7,4.76
2005,9,8,5.03
2005,9,9,4.76
2005,9,10,4.57
2005,9,11,4.57
2005,9,12,4.57
2005,9,13,4.49
2005,9,14,4.26
2005,9,15,4.03
2005,9,16,4.18
2005,9,17,4.05
2005,9,18,3.64
2005,9,19,3.64
2005,9,20,3.64
2005,9,21,3.62
2005,9,22,3.36
2005,9,23,3.25
2005,9,24,3.09
2005,9,25,3.09
2005,9,26,3.09
2005,9,27,2.94
2005,9,28,2.83
2005,9,29,2.83
2005,9,30,2.83
2005,10,1,2.83
2005,10,2,2.71
2005,10,3,2.59
2005,10,4,2.48
2005,10,5,2.37
2005,10,6,2.37
2005,10,7,2.37
2005,10,8,2.26
2005,10,9,2.15
2005,10,10,2.15
2005,10,11,2.13
2005,10,12,1.96
2005,10,13,1.94
2005,10,14,1.94
2005,10,15,1.94
2005,10,16,1.94
2005,10,17,1.84
2005,10,18,1.74
2005,10,19,1.74
2005,10,20,1.74
2005,10,21,1.74
2005,10,22,1.74
2005,10,23,1.74
2005,10,24,1.74
2005,10,25,1.74
2005,10,26,1.74
2005,10,27,1.74
2005,10,28,1.84
2005,10,29,1.92
2005,10,30,1.67
2005,10,31,1.56
2005,11,1,1.56
2005,11,2,1.56
2005,11,3,1.56
2005,11,4,1.56
2005,11,5,1.56
2005,11,6,1.56
2005,11,7,1.56
2005,11,8,1.55
2005,11,9,1.4
2005,11,10,1.38
2005,11,11,1.38
2005,11,12,1.38
2005,11,13,1.38
2005,11,14,1.38
2005,11,15,1.38
2005,11,16,1.38
2005,11,17,1.38
2005,11,18,1.38
2005,11,19,1.37
2005,11,20,1.23
2005,11,21,1.22
2005,11,22,1.22
2005,11,23,1.22
2005,11,24,1.22
2005,11,25,1.22
2005,11,26,1.22
2005,11,27,1.22
2005,11,28,1.22
2005,11,29,1.22
2005,11,30,1.22
2005,12,1,1.22
2005,12,2,1.22
2005,12,3,1.38
2005,12,4,1.9
2005,12,5,1.36
2005,12,6,1.26
2005,12,7,1.53
2005,12,8,1.39
2005,12,9,1.52
2005,12,10,2.56
2005,12,11,1.36
2005,12,12,1.23
2005,12,13,1.41
2005,12,14,1.8
2005,12,15,2.04
2005,12,16,1.06
2005,12,17,1.28
2005,12,18,1.21
2005,12,19,1.49
2005,12,20,1.36
2005,12,21,1.72
2005,12,22,2.08
2005,12,23,0.993
2005,12,24,0.887
2005,12,25,1.15
2005,12,26,1.77
2005,12,27,1.55
2005,12,28,0.92
2005,12,29,1.01
2005,12,30,1.37
2005,12,31,0.975
2006,1,1,0.889
2006,1,2,0.917
2006,1,3,0.903
2006,1,4,0.889
2006,1,5,0.876
2006,1,6,0.862
2006,1,7,0.848
2006,1,8,0.834
2006,1,9,0.822
2006,1,10,0.81
2006,1,11,0.799
2006,1,12,0.787
2006,1,13,0.775
2006,1,14,0.764
2006,1,15,0.758
2006,1,16,0.752
2006,1,17,0.746
2006,1,18,0.741
2006,1,19,0.735
2006,1,20,0.73
2006,1,21,0.724
2006,1,22,0.719
2006,1,23,0.715
2006,1,24,0.71
2006,1,25,0.705
2006,1,26,0.701
2006,1,27,0.696
2006,1,28,0.695
2006,1,29,0.716
2006,1,30,0.742
2006,1,31,0.767
2006,2,1,0.792
2006,2,2,0.817
2006,2,3,0.843
2006,2,4,0.865
2006,2,5,0.857
2006,2,6,0.842
2006,2,7,0.827
2006,2,8,0.812
2006,2,9,0.796
2006,2,10,0.781
2006,2,11,0.77
2006,2,12,0.759
2006,2,13,0.748
2006,2,14,0.738
2006,2,15,0.727
2006,2,16,0.717
2006,2,17,0.705
2006,2,18,0.694
2006,2,19,0.681
2006,2,20,0.669
2006,2,21,0.656
2006,2,22,0.644
2006,2,23,0.632
2006,2,24,0.62
2006,2,25,0.623
2006,2,26,0.628
2006,2,27,0.633
2006,2,28,0.638
2006,3,1,0.643
2006,3,2,0.649
2006,3,3,0.655
2006,3,4,0.674
2006,3,5,0.697
2006,3,6,0.719
2006,3,7,0.741
2006,3,8,0.763
2006,3,9,0.785
2006,3,10,0.804
2006,3,11,0.807
2006,3,12,0.807
2006,3,13,0.807
2006,3,14,0.807
2006,3,15,0.807
2006,3,16,0.807
2006,3,17,0.807
2006,3,18,0.807
2006,3,19,0.678
2006,3,20,0.548
2006,3,21,0.57
2006,3,22,0.718
2006,3,23,0.608
2006,3,24,0.548
2006,3,25,0.548
2006,3,26,0.548
2006,3,27,0.61
2006,3,28,0.671
2006,3,29,0.671
2006,3,30,0.671
2006,3,31,0.671
2006,4,1,0.661
2006,4,2,0.558
2006,4,3,0.548
2006,4,4,0.548
2006,4,5,0.548
2006,4,6,0.548
2006,4,7,0.548
2006,4,8,0.548
2006,4,9,0.548
2006,4,10,0.548
2006,4,11,0.548
2006,4,12,0.548
2006,4,13,0.548
2006,4,14,0.548
2006,4,15,0.548
2006,4,16,0.548
2006,4,17,0.548
2006,4,18,0.548
2006,4,19,0.548
2006,4,20,0.548
2006,4,21,0.539
2006,4,22,0.446
2006,4,23,0.437
2006,4,24,0.437
2006,4,25,0.437
2006,4,26,0.437
2006,4,27,0.437
2006,4,28,0.437
2006,4,29,0.437
2006,4,30,0.437
2006,5,1,0.437
2006,5,2,0.437
2006,5,3,0.437
2006,5,4,0.437
2006,5,5,0.437
2006,5,6,0.437
2006,5,7,0.437
2006,5,8,0.437
2006,5,9,0.437
2006,5,10,0.437
2006,5,11,0.437
2006,5,12,0.437
2006,5,13,0.437
2006,5,14,0.437
2006,5,15,0.428
2006,5,16,0.342
2006,5,17,0.326
2006,5,18,0.258
2006,5,19,0.258
2006,5,20,0.326
2006,5,21,0.333
2006,5,22,0.291
2006,5,23,0.251
2006,5,24,0.251
2006,5,25,0.251
2006,5,26,0.276
2006,5,27,0.523
2006,5,28,0.558
2006,5,29,0.661
2006,5,30,0.671
2006,5,31,0.671
2006,6,1,0.599
2006,6,2,0.548
2006,6,3,0.949
2006,6,4,1.31
2006,6,5,1
2006,6,6,0.864
2006,6,7,0.841
2006,6,8,0.671
2006,6,9,0.671
2006,6,10,0.661
2006,6,11,0.548
2006,6,12,0.548
2006,6,13,0.599
2006,6,14,0.671
2006,6,15,0.671
2006,6,16,0.671
2006,6,17,0.671
2006,6,18,0.661
2006,6,19,0.548
2006,6,20,0.548
2006,6,21,0.686
2006,6,22,0.841
2006,6,23,0.75
2006,6,24,1.25
2006,6,25,3.2
2006,6,26,2.81
2006,6,27,1.72
2006,6,28,1.32
2006,6,29,2.6
2006,6,30,3.44
2006,7,1,2.94
2006,7,2,2.47
2006,7,3,2.09
2006,7,4,2
2006,7,5,2.09
2006,7,6,1.97
2006,7,7,1.72
2006,7,8,1.61
2006,7,9,1.61
2006,7,10,1.79
2006,7,11,2.09
2006,7,12,2
2006,7,13,2
2006,7,14,2
2006,7,15,1.88
2006,7,16,1.8
2006,7,17,1.8
2006,7,18,1.8
2006,7,19,1.8
2006,7,20,1.8
2006,7,21,1.69
2006,7,22,1.61
2006,7,23,1.61
2006,7,24,1.61
2006,7,25,1.78
2006,7,26,1.85
2006,7,27,2
2006,7,28,1.95
2006,7,29,1.8
2006,7,30,1.94
2006,7,31,2.84
2006,8,1,2.52
2006,8,2,2.54
2006,8,3,2.65
2006,8,4,2.67
2006,8,5,2.65
2006,8,6,2.52
2006,8,7,2.43
2006,8,8,2.34
2006,8,9,2.21
2006,8,10,2.21
2006,8,11,2.41
2006,8,12,2.43
2006,8,13,2.88
2006,8,14,3.38
2006,8,15,3.26
2006,8,16,3.24
2006,8,17,3.11
2006,8,18,2.98
2006,8,19,2.88
2006,8,20,2.78
2006,8,21,2.52
2006,8,22,2.43
2006,8,23,2.43
2006,8,24,2.3
2006,8,25,2.09
2006,8,26,2.12
2006,8,27,2.11
2006,8,28,2.41
2006,8,29,2.43
2006,8,30,2.3
2006,8,31,2.21
2006,9,1,2.09
2006,9,2,1.98
2006,9,3,1.8
2006,9,4,1.75
2006,9,5,1.61
2006,9,6,1.61
2006,9,7,1.61
2006,9,8,1.61
2006,9,9,1.56
2006,9,10,1.42
2006,9,11,1.42
2006,9,12,1.42
2006,9,13,1.32
2006,9,14,1.25
2006,9,15,1.25
2006,9,16,1.25
2006,9,17,1.25
2006,9,18,1.25
2006,9,19,1.25
2006,9,20,1.25
2006,9,21,1.25
2006,9,22,1.25
2006,9,23,1.21
2006,9,24,1.03
2006,9,25,1.14
2006,9,26,1.42
2006,9,27,1.32
2006,9,28,1.21
2006,9,29,1.09
2006,9,30,1.09
2006,10,1,1.09
2006,10,2,1.09
2006,10,3,1.09
2006,10,4,1.09
2006,10,5,1.09
2006,10,6,1.08
2006,10,7,0.956
2006,10,8,1.02
2006,10,9,1.09
2006,10,10,1.1
2006,10,11,1.24
2006,10,12,1.27
2006,10,13,1.41
2006,10,14,1.32
2006,10,15,1.1
2006,10,16,1.02
2006,10,17,0.943
2006,10,18,0.943
2006,10,19,0.943
2006,10,20,0.746
2006,10,21,0.593
2006,10,22,1.04
2006,10,23,1.02
2006,10,24,1.02
2006,10,25,1.09
2006,10,26,1.02
2006,10,27,0.943
2006,10,28,0.943
2006,10,29,0.943
2006,10,30,0.943
2006,10,31,0.943
2006,11,1,0.943
2006,11,2,0.956
2006,11,3,1.07
2006,11,4,0.81
2006,11,5,0.58
2006,11,6,0.786
2006,11,7,0.807
2006,11,8,0.796
2006,11,9,0.621
2006,11,10,0.548
2006,11,11,0.558
2006,11,12,0.74
2006,11,13,0.864
2006,11,14,0.818
2006,11,15,0.864
2006,11,16,0.807
2006,11,17,0.807
2006,11,18,0.807
2006,11,19,0.949
2006,11,20,0.933
2006,11,21,0.816
2006,11,22,0.825
2006,11,23,0.835
2006,11,24,0.844
2006,11,25,0.853
2006,11,26,0.863
2006,11,27,0.869
2006,11,28,0.85
2006,11,29,0.829
2006,11,30,0.799
2006,12,1,0.773
2006,12,2,0.748
2006,12,3,0.723
2006,12,4,0.698
2006,12,5,0.681
2006,12,6,0.666
2006,12,7,0.651
2006,12,8,0.636
2006,12,9,0.621
2006,12,10,0.606
2006,12,11,0.591
2006,12,12,0.586
2006,12,13,0.585
2006,12,14,0.583
2006,12,15,0.581
2006,12,16,0.579
2006,12,17,0.577
2006,12,18,0.575
2006,12,19,0.577
2006,12,20,0.578
2006,12,21,0.58
2006,12,22,0.581
2006,12,23,0.583
2006,12,24,0.584
2006,12,25,0.585
2006,12,26,0.581
2006,12,27,0.575
2006,12,28,0.57
2006,12,29,0.565
2006,12,30,0.559
2006,12,31,0.554
2007,1,1,0.548
2007,1,2,0.543
2007,1,3,0.538
2007,1,4,0.533
2007,1,5,0.528
2007,1,6,0.524
2007,1,7,0.519
2007,1,8,0.513
2007,1,9,0.498
2007,1,10,0.482
2007,1,11,0.465
2007,1,12,0.449
2007,1,13,0.433
2007,1,14,0.416
2007,1,15,0.4
2007,1,16,0.389
2007,1,17,0.378
2007,1,18,0.367
2007,1,19,0.357
2007,1,20,0.346
2007,1,21,0.335
2007,1,22,0.328
2007,1,23,0.343
2007,1,24,0.363
2007,1,25,0.382
2007,1,26,0.402
2007,1,27,0.421
2007,1,28,0.437
2007,1,29,0.437
2007,1,30,0.434
2007,1,31,0.43
2007,2,1,0.427
2007,2,2,0.423
2007,2,3,0.42
2007,2,4,0.416
2007,2,5,0.414
2007,2,6,0.412
2007,2,7,0.41
2007,2,8,0.407
2007,2,9,0.405
2007,2,10,0.403
2007,2,11,0.401
2007,2,12,0.405
2007,2,13,0.411
2007,2,14,0.417
2007,2,15,0.422
2007,2,16,0.427
2007,2,17,0.431
2007,2,18,0.434
2007,2,19,0.437
2007,2,20,0.44
2007,2,21,0.443
2007,2,22,0.446
2007,2,23,0.448
2007,2,24,0.449
2007,2,25,0.449
2007,2,26,0.449
2007,2,27,0.449
2007,2,28,0.449
2007,3,1,0.449
2007,3,2,0.45
2007,3,3,0.452
2007,3,4,0.455
2007,3,5,0.457
2007,3,6,0.46
2007,3,7,0.463
2007,3,8,0.466
2007,3,9,0.48
2007,3,10,0.498
2007,3,11,0.515
2007,3,12,0.532
2007,3,13,0.549
2007,3,14,0.565
2007,3,15,0.623
2007,3,16,0.678
2007,3,17,0.678
2007,3,18,0.689
2007,3,19,0.795
2007,3,20,0.805
2007,3,21,0.805
2007,3,22,0.805
2007,3,23,0.795
2007,3,24,0.689
2007,3,25,0.678
2007,3,26,0.678
2007,3,27,0.678
2007,3,28,0.678
2007,3,29,0.678
2007,3,30,0.678
2007,3,31,0.617
2007,4,1,0.66
2007,4,2,0.678
2007,4,3,0.678
2007,4,4,0.623
2007,4,5,0.568
2007,4,6,0.568
2007,4,7,0.568
2007,4,8,0.568
2007,4,9,0.568
2007,4,10,0.568
2007,4,11,0.568
2007,4,12,0.568
2007,4,13,0.568
2007,4,14,0.623
2007,4,15,0.678
2007,4,16,0.678
2007,4,17,0.623
2007,4,18,0.568
2007,4,19,0.568
2007,4,20,0.568
2007,4,21,0.568
2007,4,22,0.568
2007,4,23,0.517
2007,4,24,0.459
2007,4,25,0.392
2007,4,26,0.385
2007,4,27,0.385
2007,4,28,0.385
2007,4,29,0.385
2007,4,30,0.385
2007,5,1,0.385
2007,5,2,0.38
2007,5,3,0.324
2007,5,4,0.318
2007,5,5,0.318
2007,5,6,0.318
2007,5,7,0.318
2007,5,8,0.318
2007,5,9,0.318
2007,5,10,0.318
2007,5,11,0.318
2007,5,12,0.293
2007,5,13,0.267
2007,5,14,0.251
2007,5,15,0.235
2007,5,16,0.235
2007,5,17,0.235
2007,5,18,0.235
2007,5,19,0.235
2007,5,20,0.238
2007,5,21,0.264
2007,5,22,0.305
2007,5,23,0.505
2007,5,24,0.51
2007,5,25,0.386
2007,5,26,0.324
2007,5,27,0.352
2007,5,28,0.38
2007,5,29,0.324
2007,5,30,0.318
2007,5,31,0.352
2007,6,1,0.432
2007,6,2,0.466
2007,6,3,0.466
2007,6,4,0.466
2007,6,5,0.466
2007,6,6,0.432
2007,6,7,0.346
2007,6,8,0.318
2007,6,9,0.318
2007,6,10,0.297
2007,6,11,0.267
2007,6,12,0.267
2007,6,13,0.425
2007,6,14,0.669
2007,6,15,0.543
2007,6,16,0.446
2007,6,17,0.385
2007,6,18,0.379
2007,6,19,0.318
2007,6,20,0.318
2007,6,21,0.288
2007,6,22,0.254
2007,6,23,0.235
2007,6,24,0.235
2007,6,25,0.235
2007,6,26,0.235
2007,6,27,0.248
2007,6,28,0.267
2007,6,29,0.271
2007,6,30,0.324
2007,7,1,1.13
2007,7,2,1.41
2007,7,3,1.55
2007,7,4,1.29
2007,7,5,1.29
2007,7,6,1.52
2007,7,7,1.45
2007,7,8,1.28
2007,7,9,1.31
2007,7,10,1.58
2007,7,11,2.7
2007,7,12,3.21
2007,7,13,2.5
2007,7,14,2.54
2007,7,15,2.7
2007,7,16,2.47
2007,7,17,2.2
2007,7,18,2.61
2007,7,19,2.95
2007,7,20,3.16
2007,7,21,2.89
2007,7,22,2.4
2007,7,23,2.32
2007,7,24,2.15
2007,7,25,1.89
2007,7,26,1.81
2007,7,27,1.7
2007,7,28,1.7
2007,7,29,1.73
2007,7,30,2
2007,7,31,3.68
2007,8,1,5.61
2007,8,2,6.05
2007,8,3,6.05
2007,8,4,5.65
2007,8,5,7.35
2007,8,6,7.24
2007,8,7,6.85
2007,8,8,10.8
2007,8,9,9.81
2007,8,10,8.37
2007,8,11,6.88
2007,8,12,5.57
2007,8,13,4.82
2007,8,14,4.99
2007,8,15,4.53
2007,8,16,4.4
2007,8,17,4.4
2007,8,18,4.05
2007,8,19,3.38
2007,8,20,3.83
2007,8,21,3.83
2007,8,22,3.7
2007,8,23,3.41
2007,8,24,3.56
2007,8,25,3.37
2007,8,26,3.57
2007,8,27,3.72
2007,8,28,3.41
2007,8,29,3.16
2007,8,30,3.04
2007,8,31,2.73
2007,9,1,2.6
2007,9,2,2.58
2007,9,3,2.4
2007,9,4,2.4
2007,9,5,2.4
2007,9,6,2.4
2007,9,7,2.3
2007,9,8,1.98
2007,9,9,1.72
2007,9,10,1.81
2007,9,11,1.81
2007,9,12,1.79
2007,9,13,1.73
2007,9,14,1.86
2007,9,15,2
2007,9,16,1.95
2007,9,17,1.67
2007,9,18,1.87
2007,9,19,1.98
2007,9,20,1.81
2007,9,21,1.81
2007,9,22,1.79
2007,9,23,1.58
2007,9,24,1.46
2007,9,25,1.55
2007,9,26,1.45
2007,9,27,1.45
2007,9,28,1.45
2007,9,29,1.44
2007,9,30,1.28
2007,10,1,1.28
2007,10,2,1.2
2007,10,3,1.11
2007,10,4,1.11
2007,10,5,1.13
2007,10,6,1.45
2007,10,7,1.7
2007,10,8,1.54
2007,10,9,1.45
2007,10,10,1.45
2007,10,11,1.47
2007,10,12,1.59
2007,10,13,1.47
2007,10,14,1.44
2007,10,15,1.3
2007,10,16,1.28
2007,10,17,1.28
2007,10,18,1.28
2007,10,19,1.28
2007,10,20,1.28
2007,10,21,1.28
2007,10,22,1.2
2007,10,23,1.11
2007,10,24,1.08
2007,10,25,0.916
2007,10,26,1.1
2007,10,27,1.11
2007,10,28,1.11
2007,10,29,1.11
2007,10,30,1.11
2007,10,31,1.11
2007,11,1,1.11
2007,11,2,1.11
2007,11,3,1.11
2007,11,4,1.11
2007,11,5,1.11
2007,11,6,1.11
2007,11,7,1.11
2007,11,8,1.11
2007,11,9,1.11
2007,11,10,1.11
2007,11,11,1.11
2007,11,12,1.11
2007,11,13,1.11
2007,11,14,1.11
2007,11,15,1.11
2007,11,16,1.11
2007,11,17,1.11
2007,11,18,1.11
2007,11,19,1.11
2007,11,20,1.03
2007,11,21,0.95
2007,11,22,0.95
2007,11,23,0.95
2007,11,24,0.95
2007,11,25,0.95
2007,11,26,0.95
2007,11,27,0.95
2007,11,28,0.95
2007,11,29,0.95
2007,11,30,0.95
2007,12,1,0.947
2007,12,2,0.9
2007,12,3,0.84
2007,12,4,0.78
2007,12,5,0.72
2007,12,6,0.659
2007,12,7,0.607
2007,12,8,0.623
2007,12,9,0.657
2007,12,10,0.691
2007,12,11,0.725
2007,12,12,0.758
2007,12,13,0.793
2007,12,14,0.824
2007,12,15,0.827
2007,12,16,0.823
2007,12,17,0.82
2007,12,18,0.816
2007,12,19,0.813
2007,12,20,0.807
2007,12,21,0.786
2007,12,22,0.761
2007,12,23,0.735
2007,12,24,0.709
2007,12,25,0.682
2007,12,26,0.657
2007,12,27,0.633
2007,12,28,0.633
2007,12,29,0.639
2007,12,30,0.646
2007,12,31,0.653
2008,1,1,0.66
2008,1,2,0.666
2008,1,3,0.671
2008,1,4,0.65
2008,1,5,0.621
2008,1,6,0.593
2008,1,7,0.564
2008,1,8,0.535
2008,1,9,0.507
2008,1,10,0.479
2008,1,11,0.463
2008,1,12,0.45
2008,1,13,0.436
2008,1,14,0.423
2008,1,15,0.409
2008,1,16,0.396
2008,1,17,0.384
2008,1,18,0.387
2008,1,19,0.393
2008,1,20,0.399
2008,1,21,0.406
2008,1,22,0.412
2008,1,23,0.418
2008,1,24,0.425
2008,1,25,0.434
2008,1,26,0.444
2008,1,27,0.454
2008,1,28,0.463
2008,1,29,0.473
2008,1,30,0.483
2008,1,31,0.492
2008,2,1,0.497
2008,2,2,0.5
2008,2,3,0.503
2008,2,4,0.505
2008,2,5,0.508
2008,2,6,0.511
2008,2,7,0.513
2008,2,8,0.512
2008,2,9,0.509
2008,2,10,0.506
2008,2,11,0.503
2008,2,12,0.5
2008,2,13,0.497
2008,2,14,0.492
2008,2,15,0.476
2008,2,16,0.456
2008,2,17,0.436
2008,2,18,0.417
2008,2,19,0.397
2008,2,20,0.377
2008,2,21,0.358
2008,2,22,0.353
2008,2,23,0.352
2008,2,24,0.352
2008,2,25,0.351
2008,2,26,0.351
2008,2,27,0.351
2008,2,28,0.351
2008,2,29,0.371
2008,3,1,0.396
2008,3,2,0.421
2008,3,3,0.446
2008,3,4,0.471
2008,3,5,0.497
2008,3,6,0.52
2008,3,7,0.526
2008,3,8,0.526
2008,3,9,0.486
2008,3,10,0.439
2008,3,11,0.383
2008,3,12,0.377
2008,3,13,0.377
2008,3,14,0.377
2008,3,15,0.377
2008,3,16,0.39
2008,3,17,0.507
2008,3,18,0.418
2008,3,19,0.377
2008,3,20,0.377
2008,3,21,0.383
2008,3,22,0.439
2008,3,23,0.445
2008,3,24,0.445
2008,3,25,0.445
2008,3,26,0.445
2008,3,27,0.411
2008,3,28,0.383
2008,3,29,0.439
2008,3,30,0.445
2008,3,31,0.445
2008,4,1,0.445
2008,4,2,0.445
2008,4,3,0.445
2008,4,4,0.445
2008,4,5,0.445
2008,4,6,0.445
2008,4,7,0.445
2008,4,8,0.445
2008,4,9,0.445
2008,4,10,0.445
2008,4,11,0.445
2008,4,12,0.439
2008,4,13,0.424
2008,4,14,0.519
2008,4,15,0.526
2008,4,16,0.519
2008,4,17,0.452
2008,4,18,0.445
2008,4,19,0.445
2008,4,20,0.452
2008,4,21,0.566
2008,4,22,0.62
2008,4,23,0.62
2008,4,24,0.62
2008,4,25,0.62
2008,4,26,0.62
2008,4,27,0.62
2008,4,28,0.62
2008,4,29,0.573
2008,4,30,0.526
2008,5,1,0.526
2008,5,2,0.526
2008,5,3,0.582
2008,5,4,0.765
2008,5,5,0.738
2008,5,6,0.728
2008,5,7,0.728
2008,5,8,0.728
2008,5,9,0.719
2008,5,10,0.629
2008,5,11,0.684
2008,5,12,0.907
2008,5,13,0.974
2008,5,14,0.93
2008,5,15,0.974
2008,5,16,0.861
2008,5,17,0.85
2008,5,18,0.84
2008,5,19,0.738
2008,5,20,0.728
2008,5,21,0.674
2008,5,22,0.62
2008,5,23,0.62
2008,5,24,0.62
2008,5,25,0.573
2008,5,26,0.526
2008,5,27,0.519
2008,5,28,0.452
2008,5,29,0.445
2008,5,30,0.445
2008,5,31,0.445
2008,6,1,0.445
2008,6,2,0.445
2008,6,3,0.506
2008,6,4,0.519
2008,6,5,0.445
2008,6,6,0.445
2008,6,7,0.445
2008,6,8,0.405
2008,6,9,0.377
2008,6,10,0.377
2008,6,11,0.347
2008,6,12,0.326
2008,6,13,0.33
2008,6,14,0.377
2008,6,15,0.347
2008,6,16,0.314
2008,6,17,0.298
2008,6,18,0.312
2008,6,19,0.33
2008,6,20,0.763
2008,6,21,0.487
2008,6,22,0.445
2008,6,23,0.659
2008,6,24,0.435
2008,6,25,0.349
2008,6,26,0.492
2008,6,27,0.452
2008,6,28,0.479
2008,6,29,0.452
2008,6,30,0.57
2008,7,1,0.769
2008,7,2,0.629
2008,7,3,0.565
2008,7,4,0.756
2008,7,5,0.604
2008,7,6,0.79
2008,7,7,0.906
2008,7,8,0.94
2008,7,9,0.985
2008,7,10,0.854
2008,7,11,0.762
2008,7,12,1.29
2008,7,13,0.997
2008,7,14,1.06
2008,7,15,2.24
2008,7,16,3.09
2008,7,17,3.07
2008,7,18,3.16
2008,7,19,3.15
2008,7,20,3.05
2008,7,21,2.89
2008,7,22,2.71
2008,7,23,2.54
2008,7,24,2.34
2008,7,25,2.23
2008,7,26,2.11
2008,7,27,1.72
2008,7,28,1.5
2008,7,29,1.7
2008,7,30,1.81
2008,7,31,2.12
2008,8,1,2.62
2008,8,2,2.39
2008,8,3,2.36
2008,8,4,2.16
2008,8,5,1.97
2008,8,6,1.97
2008,8,7,1.97
2008,8,8,1.97
2008,8,9,2.37
2008,8,10,4.61
2008,8,11,7.98
2008,8,12,30
2008,8,13,26.6
2008,8,14,17.4
2008,8,15,16.7
2008,8,16,13.6
2008,8,17,11
2008,8,18,10.6
2008,8,19,9.52
2008,8,20,8.7
2008,8,21,7.95
2008,8,22,7.77
2008,8,23,6.85
2008,8,24,6.14
2008,8,25,5.4
2008,8,26,5.15
2008,8,27,5.93
2008,8,28,5.45
2008,8,29,5.1
2008,8,30,4.92
2008,8,31,5.25
2008,9,1,5.2
2008,9,2,4.9
2008,9,3,4.67
2008,9,4,4.56
2008,9,5,4.33
2008,9,6,3.98
2008,9,7,4.33
2008,9,8,4.72
2008,9,9,4.53
2008,9,10,5.17
2008,9,11,5.17
2008,9,12,4.75
2008,9,13,5.02
2008,9,14,5.02
2008,9,15,5.17
2008,9,16,5.62
2008,9,17,5.45
2008,9,18,5.1
2008,9,19,4.8
2008,9,20,4.72
2008,9,21,4.55
2008,9,22,4.7
2008,9,23,4.65
2008,9,24,4.42
2008,9,25,4.28
2008,9,26,4.33
2008,9,27,4.17
2008,9,28,4.17
2008,9,29,4.17
2008,9,30,4.17
2008,10,1,4.03
2008,10,2,3.91
2008,10,3,3.91
2008,10,4,3.96
2008,10,5,4.4
2008,10,6,4.28
2008,10,7,3.93
2008,10,8,3.91
2008,10,9,3.91
2008,10,10,3.91
2008,10,11,3.91
2008,10,12,3.76
2008,10,13,3.08
2008,10,14,2.39
2008,10,15,2.27
2008,10,16,2.3
2008,10,17,2.33
2008,10,18,2.36
2008,10,19,2.39
2008,10,20,2.42
2008,10,21,2.44
2008,10,22,2.4
2008,10,23,2.34
2008,10,24,2.28
2008,10,25,2.23
2008,10,26,2.17
2008,10,27,2.11
2008,10,28,2.05
2008,10,29,2.02
2008,10,30,1.99
2008,10,31,1.97
2008,11,1,1.94
2008,11,2,1.91
2008,11,3,1.88
2008,11,4,1.85
2008,11,5,1.8
2008,11,6,1.74
2008,11,7,1.69
2008,11,8,1.63
2008,11,9,1.58
2008,11,10,1.52
2008,11,11,1.47
2008,11,12,1.43
2008,11,13,1.38
2008,11,14,1.34
2008,11,15,1.3
2008,11,16,1.26
2008,11,17,1.21
2008,11,18,1.18
2008,11,19,1.19
2008,11,20,1.2
2008,11,21,1.22
2008,11,22,1.23
2008,11,23,1.24
2008,11,24,1.26
2008,11,25,1.27
2008,11,26,1.27
2008,11,27,1.28
2008,11,28,1.28
2008,11,29,1.29
2008,11,30,1.29
2008,12,1,1.3
2008,12,2,1.29
2008,12,3,1.24
2008,12,4,1.19
2008,12,5,1.13
2008,12,6,1.07
2008,12,7,1.01
2008,12,8,0.948
2008,12,9,0.894
2008,12,10,0.879
2008,12,11,0.872
2008,12,12,0.865
2008,12,13,0.858
2008,12,14,0.851
2008,12,15,0.844
2008,12,16,0.841
2008,12,17,0.863
2008,12,18,0.889
2008,12,19,0.914
2008,12,20,0.94
2008,12,21,0.966
2008,12,22,0.991
2008,12,23,1.01
2008,12,24,0.961
2008,12,25,0.899
2008,12,26,0.835
2008,12,27,0.772
2008,12,28,0.709
2008,12,29,0.645
2008,12,30,0.59
2008,12,31,0.586
2009,1,1,0.592
2009,1,2,0.597
2009,1,3,0.603
2009,1,4,0.607
2009,1,5,0.606
2009,1,6,0.603
2009,1,7,0.6
2009,1,8,0.597
2009,1,9,0.595
2009,1,10,0.592
2009,1,11,0.59
2009,1,12,0.592
2009,1,13,0.595
2009,1,14,0.599
2009,1,15,0.602
2009,1,16,0.605
2009,1,17,0.608
2009,1,18,0.611
2009,1,19,0.614
2009,1,20,0.616
2009,1,21,0.616
2009,1,22,0.594
2009,1,23,0.566
2009,1,24,0.539
2009,1,25,0.511
2009,1,26,0.484
2009,1,27,0.456
2009,1,28,0.435
2009,1,29,0.456
2009,1,30,0.48
2009,1,31,0.515
2009,2,1,0.544
2009,2,2,0.573
2009,2,3,0.602
2009,2,4,0.629
2009,2,5,0.632
2009,2,6,0.63
2009,2,7,0.627
2009,2,8,0.625
2009,2,9,0.622
2009,2,10,0.619
2009,2,11,0.618
2009,2,12,0.623
2009,2,13,0.629
2009,2,14,0.635
2009,2,15,0.641
2009,2,16,0.648
2009,2,17,0.654
2009,2,18,0.66
2009,2,19,0.66
2009,2,20,0.658
2009,2,21,0.656
2009,2,22,0.654
2009,2,23,0.652
2009,2,24,0.65
2009,2,25,0.649
2009,2,26,0.661
2009,2,27,0.676
2009,2,28,0.691
2009,3,1,0.707
2009,3,2,0.722
2009,3,3,0.737
2009,3,4,0.75
2009,3,5,0.742
2009,3,6,0.727
2009,3,7,0.712
2009,3,8,0.697
2009,3,9,0.682
2009,3,10,0.667
2009,3,11,0.658
2009,3,12,0.733
2009,3,13,0.836
2009,3,14,0.938
2009,3,15,1.04
2009,3,16,1.15
2009,3,17,1.25
2009,3,18,1.33
2009,3,19,1.26
2009,3,20,1.17
2009,3,21,1.07
2009,3,22,0.985
2009,3,23,0.894
2009,3,24,0.804
2009,3,25,0.721
2009,3,26,0.699
2009,3,27,0.691
2009,3,28,0.684
2009,3,29,0.676
2009,3,30,0.668
2009,3,31,0.66
2009,4,1,0.653
2009,4,2,0.652
2009,4,3,0.652
2009,4,4,0.652
2009,4,5,0.652
2009,4,6,0.652
2009,4,7,0.601
2009,4,8,0.55
2009,4,9,0.55
2009,4,10,0.55
2009,4,11,0.55
2009,4,12,0.559
2009,4,13,0.644
2009,4,14,0.652
2009,4,15,0.661
2009,4,16,0.748
2009,4,17,0.811
2009,4,18,0.865
2009,4,19,0.865
2009,4,20,0.874
2009,4,21,0.962
2009,4,22,0.971
2009,4,23,0.989
2009,4,24,1.17
2009,4,25,1.18
2009,4,26,1.08
2009,4,27,0.981
2009,4,28,0.971
2009,4,29,0.971
2009,4,30,0.971
2009,5,1,0.981
2009,5,2,1.06
2009,5,3,0.981
2009,5,4,0.909
2009,5,5,0.714
2009,5,6,0.652
2009,5,7,0.601
2009,5,8,0.61
2009,5,9,0.965
2009,5,10,1.13
2009,5,11,0.991
2009,5,12,1.07
2009,5,13,1.02
2009,5,14,0.874
2009,5,15,0.865
2009,5,16,0.865
2009,5,17,0.865
2009,5,18,0.856
2009,5,19,0.766
2009,5,20,0.739
2009,5,21,1.09
2009,5,22,0.972
2009,5,23,0.865
2009,5,24,0.714
2009,5,25,0.652
2009,5,26,0.652
2009,5,27,0.652
2009,5,28,0.714
2009,5,29,0.847
2009,5,30,0.757
2009,5,31,0.661
2009,6,1,0.593
2009,6,2,0.55
2009,6,3,0.458
2009,6,4,0.45
2009,6,5,0.45
2009,6,6,0.45
2009,6,7,0.45
2009,6,8,0.784
2009,6,9,1.48
2009,6,10,1.45
2009,6,11,1.22
2009,6,12,1.07
2009,6,13,0.971
2009,6,14,1.16
2009,6,15,2.77
2009,6,16,1.82
2009,6,17,1.35
2009,6,18,1.38
2009,6,19,5.56
2009,6,20,5.26
2009,6,21,5.39
2009,6,22,4.78
2009,6,23,4.32
2009,6,24,3.67
2009,6,25,3.18
2009,6,26,2.84
2009,6,27,2.66
2009,6,28,2.49
2009,6,29,2.32
2009,6,30,2.07
2009,7,1,2.04
2009,7,2,2.04
2009,7,3,1.98
2009,7,4,1.9
2009,7,5,1.92
2009,7,6,3.25
2009,7,7,4.15
2009,7,8,3.23
2009,7,9,2.67
2009,7,10,2.43
2009,7,11,2.48
2009,7,12,3.02
2009,7,13,3.56
2009,7,14,3.12
2009,7,15,2.93
2009,7,16,2.6
2009,7,17,2.49
2009,7,18,2.51
2009,7,19,2.57
2009,7,20,2.9
2009,7,21,3.1
2009,7,22,3.08
2009,7,23,5.99
2009,7,24,5.15
2009,7,25,3.31
2009,7,26,2.87
2009,7,27,2.52
2009,7,28,2.43
2009,7,29,2.27
2009,7,30,2.49
2009,7,31,2.69
2009,8,1,2.52
2009,8,2,2.69
2009,8,3,2.43
2009,8,4,2.67
2009,8,5,2.16
2009,8,6,1.99
2009,8,7,2.11
2009,8,8,2.24
2009,8,9,2.08
2009,8,10,1.87
2009,8,11,1.87
2009,8,12,1.8
2009,8,13,1.69
2009,8,14,1.53
2009,8,15,1.52
2009,8,16,1.37
2009,8,17,1.49
2009,8,18,1.69
2009,8,19,2.15
2009,8,20,2.43
2009,8,21,2.08
2009,8,22,1.52
2009,8,23,1.3
2009,8,24,1.15
2009,8,25,1.02
2009,8,26,1.85
2009,8,27,1.35
2009,8,28,1.14
2009,8,29,1.42
2009,8,30,1.43
2009,8,31,1.29
2009,9,1,1.43
2009,9,2,1.4
2009,9,3,1.29
2009,9,4,1.33
2009,9,5,1.53
2009,9,6,1.66
2009,9,7,1.69
2009,9,8,1.53
2009,9,9,1.37
2009,9,10,1.25
2009,9,11,1.2
2009,9,12,1.08
2009,9,13,1.04
2009,9,14,1.04
2009,9,15,1.04
2009,9,16,0.957
2009,9,17,0.998
2009,9,18,0.94
2009,9,19,0.94
2009,9,20,0.99
2009,9,21,0.865
2009,9,22,0.784
2009,9,23,0.744
2009,9,24,0.744
2009,9,25,0.752
2009,9,26,1.39
2009,9,27,2.01
2009,9,28,1.73
2009,9,29,1.38
2009,9,30,1.3
2009,10,1,1.25
2009,10,2,1.24
2009,10,3,1.15
2009,10,4,1.09
2009,10,5,1.04
2009,10,6,1.04
2009,10,7,1.04
2009,10,8,1.04
2009,10,9,1.04
2009,10,10,1.04
2009,10,11,0.982
2009,10,12,0.848
2009,10,13,0.837
2009,10,14,0.835
2009,10,15,0.832
2009,10,16,0.83
2009,10,17,0.827
2009,10,18,0.824
2009,10,19,0.823
2009,10,20,0.82
2009,10,21,0.817
2009,10,22,0.814
2009,10,23,0.804
2009,10,24,0.793
2009,10,25,0.779
2009,10,26,0.767
2009,10,27,0.754
2009,10,28,0.741
2009,10,29,0.729
2009,10,30,0.716
2009,10,31,0.704
2009,11,1,0.713
2009,11,2,0.805
2009,11,3,0.904
2009,11,4,1
2009,11,5,1.1
2009,11,6,1.2
2009,11,7,1.3
2009,11,8,1.25
2009,11,9,1.16
2009,11,10,1.06
2009,11,11,0.966
2009,11,12,0.874
2009,11,13,0.781
2009,11,14,0.721
2009,11,15,0.655
2009,11,16,0.628
2009,11,17,0.601
2009,11,18,0.574
2009,11,19,0.548
2009,11,20,0.521
2009,11,21,0.497
2009,11,22,0.495
2009,11,23,0.497
2009,11,24,0.5
2009,11,25,0.503
2009,11,26,0.506
2009,11,27,0.509
2009,11,28,0.513
2009,11,29,0.522
2009,11,30,0.532
2009,12,1,0.542
2009,12,2,0.553
2009,12,3,0.563
2009,12,4,0.573
2009,12,5,0.583
2009,12,6,0.584
2009,12,7,0.582
2009,12,8,0.58
2009,12,9,0.578
2009,12,10,0.577
2009,12,11,0.575
2009,12,12,0.57
2009,12,13,0.54
2009,12,14,0.505
2009,12,15,0.469
2009,12,16,0.434
2009,12,17,0.399
2009,12,18,0.364
2009,12,19,0.332
2009,12,20,0.321
2009,12,21,0.315
2009,12,22,0.308
2009,12,23,0.302
2009,12,24,0.295
2009,12,25,0.289
2009,12,26,0.285
2009,12,27,0.299
2009,12,28,0.317
2009,12,29,0.334
2009,12,30,0.352
2009,12,31,0.37
2010,1,1,0.388
2010,1,2,0.406
2010,1,3,0.416
2010,1,4,0.423
2010,1,5,0.431
2010,1,6,0.439
2010,1,7,0.447
2010,1,8,0.455
2010,1,9,0.46
2010,1,10,0.434
2010,1,11,0.398
2010,1,12,0.362
2010,1,13,0.327
2010,1,14,0.291
2010,1,15,0.255
2010,1,16,0.223
2010,1,17,0.23
2010,1,18,0.246
2010,1,19,0.261
2010,1,20,0.277
2010,1,21,0.292
2010,1,22,0.308
2010,1,23,0.321
2010,1,24,0.324
2010,1,25,0.325
2010,1,26,0.326
2010,1,27,0.327
2010,1,28,0.328
2010,1,29,0.329
2010,1,30,0.33
2010,1,31,0.333
2010,2,1,0.336
2010,2,2,0.339
2010,2,3,0.342
2010,2,4,0.345
2010,2,5,0.348
2010,2,6,0.351
2010,2,7,0.357
2010,2,8,0.364
2010,2,9,0.371
2010,2,10,0.377
2010,2,11,0.384
2010,2,12,0.389
2010,2,13,0.385
2010,2,14,0.378
2010,2,15,0.371
2010,2,16,0.364
2010,2,17,0.357
2010,2,18,0.349
2010,2,19,0.343
2010,2,20,0.344
2010,2,21,0.347
2010,2,22,0.349
2010,2,23,0.351
2010,2,24,0.353
2010,2,25,0.355
2010,2,26,0.357
2010,2,27,0.359
2010,2,28,0.361
2010,3,1,0.364
2010,3,2,0.366
2010,3,3,0.368
2010,3,4,0.37
2010,3,5,0.371
2010,3,6,0.367
2010,3,7,0.362
2010,3,8,0.357
2010,3,9,0.352
2010,3,10,0.346
2010,3,11,0.341
2010,3,12,0.336
2010,3,13,0.334
2010,3,14,0.334
2010,3,15,0.333
2010,3,16,0.332
2010,3,17,0.332
2010,3,18,0.331
2010,3,19,0.33
2010,3,20,0.33
2010,3,21,0.33
2010,3,22,0.33
2010,3,23,0.33
2010,3,24,0.33
2010,3,25,0.33
2010,3,26,0.33
2010,3,27,0.33
2010,3,28,0.33
2010,3,29,0.334
2010,3,30,0.372
2010,3,31,0.376
2010,4,1,0.376
2010,4,2,0.351
2010,4,3,0.33
2010,4,4,0.33
2010,4,5,0.33
2010,4,6,0.33
2010,4,7,0.33
2010,4,8,0.33
2010,4,9,0.33
2010,4,10,0.33
2010,4,11,0.33
2010,4,12,0.33
2010,4,13,0.314
2010,4,14,0.301
2010,4,15,0.327
2010,4,16,0.33
2010,4,17,0.33
2010,4,18,0.33
2010,4,19,0.33
2010,4,20,0.33
2010,4,21,0.334
2010,4,22,0.372
2010,4,23,0.376
2010,4,24,0.376
2010,4,25,0.387
2010,4,26,0.493
2010,4,27,0.503
2010,4,28,0.55
2010,4,29,0.62
2010,4,30,0.628
2010,5,1,0.659
2010,5,2,0.517
2010,5,3,0.469
2010,5,4,0.441
2010,5,5,0.497
2010,5,6,0.464
2010,5,7,0.381
2010,5,8,0.35
2010,5,9,0.301
2010,5,10,0.298
2010,5,11,0.301
2010,5,12,0.327
2010,5,13,0.33
2010,5,14,0.353
2010,5,15,0.376
2010,5,16,0.376
2010,5,17,0.376
2010,5,18,0.376
2010,5,19,0.381
2010,5,20,0.425
2010,5,21,0.386
2010,5,22,0.425
2010,5,23,0.386
2010,5,24,0.422
2010,5,25,0.339
2010,5,26,0.327
2010,5,27,0.321
2010,5,28,0.377
2010,5,29,0.4
2010,5,30,0.411
2010,5,31,0.497
2010,6,1,0.523
2010,6,2,0.596
2010,6,3,1.05
2010,6,4,0.909
2010,6,5,0.723
2010,6,6,0.673
2010,6,7,0.665
2010,6,8,0.582
2010,6,9,0.582
2010,6,10,0.582
2010,6,11,0.582
2010,6,12,0.549
2010,6,13,0.503
2010,6,14,0.562
2010,6,15,0.562
2010,6,16,0.517
2010,6,17,1.39
2010,6,18,1.91
2010,6,19,1.78
2010,6,20,1.51
2010,6,21,1.27
2010,6,22,1.12
2010,6,23,1.12
2010,6,24,1.07
2010,6,25,1.03
2010,6,26,1.65
2010,6,27,1.86
2010,6,28,1.16
2010,6,29,1.32
2010,6,30,1.27
2010,7,1,1.12
2010,7,2,1.5
2010,7,3,1.27
2010,7,4,1.03
2010,7,5,0.987
2010,7,6,0.834
2010,7,7,0.772
2010,7,8,0.852
2010,7,9,0.817
2010,7,10,0.834
2010,7,11,0.781
2010,7,12,0.87
2010,7,13,1.06
2010,7,14,1.41
2010,7,15,1.51
2010,7,16,1.39
2010,7,17,1.38
2010,7,18,1.37
2010,7,19,1.19
2010,7,20,1.45
2010,7,21,1.39
2010,7,22,1.38
2010,7,23,1.38
2010,7,24,1.32
2010,7,25,1.11
2010,7,26,0.909
2010,7,27,0.879
2010,7,28,0.94
2010,7,29,0.92
2010,7,30,0.92
2010,7,31,1.86
2010,8,1,2.35
2010,8,2,2.25
2010,8,3,2.26
2010,8,4,2.2
2010,8,5,2.16
2010,8,6,2.08
2010,8,7,1.92
2010,8,8,1.83
2010,8,9,1.78
2010,8,10,1.78
2010,8,11,1.78
2010,8,12,1.77
2010,8,13,1.65
2010,8,14,1.65
2010,8,15,1.64
2010,8,16,1.5
2010,8,17,1.42
2010,8,18,1.43
2010,8,19,1.57
2010,8,20,1.64
2010,8,21,2.02
2010,8,22,3.66
2010,8,23,3.42
2010,8,24,3.08
2010,8,25,2.94
2010,8,26,2.33
2010,8,27,2.12
2010,8,28,2.29
2010,8,29,2.08
2010,8,30,1.84
2010,8,31,2.12
2010,9,1,2.09
2010,9,2,1.81
2010,9,3,1.92
2010,9,4,1.93
2010,9,5,1.89
2010,9,6,1.77
2010,9,7,1.53
2010,9,8,1.42
2010,9,9,1.48
2010,9,10,1.52
2010,9,11,1.42
2010,9,12,1.42
2010,9,13,1.42
2010,9,14,1.38
2010,9,15,1.34
2010,9,16,1.62
2010,9,17,1.88
2010,9,18,2.31
2010,9,19,2.47
2010,9,20,2.28
2010,9,21,2.8
2010,9,22,3.27
2010,9,23,3.62
2010,9,24,3.47
2010,9,25,3.18
2010,9,26,3.02
2010,9,27,2.67
2010,9,28,2.05
2010,9,29,1.78
2010,9,30,1.84
2010,10,1,1.96
2010,10,2,2.36
2010,10,3,4.04
2010,10,4,4.45
2010,10,5,4.31
2010,10,6,4
2010,10,7,3.77
2010,10,8,3.76
2010,10,9,3.76
2010,10,10,3.76
2010,10,11,3.75
2010,10,12,3.61
2010,10,13,3.59
2010,10,14,3.7
2010,10,15,3.7
2010,10,16,3.26
2010,10,17,3.01
2010,10,18,2.79
2010,10,19,2.92
2010,10,20,2.83
2010,10,21,2.53
2010,10,22,2.42
2010,10,23,2.29
2010,10,24,2.42
2010,10,25,2.43
2010,10,26,2.43
2010,10,27,2.6
2010,10,28,2.58
2010,10,29,2.19
2010,10,30,2.1
2010,10,31,2.1
2010,11,1,2.01
2010,11,2,1.72
2010,11,3,1.5
2010,11,4,1.57
2010,11,5,1.72
2010,11,6,1.78
2010,11,7,1.65
2010,11,8,1.63
2010,11,9,1.44
2010,11,10,1.35
2010,11,11,1.24
2010,11,12,1.24
2010,11,13,1.24
2010,11,14,1.24
2010,11,15,1.25
2010,11,16,1.25
2010,11,17,1.26
2010,11,18,1.26
2010,11,19,1.24
2010,11,20,1.21
2010,11,21,1.19
2010,11,22,1.16
2010,11,23,1.13
2010,11,24,1.11
2010,11,25,1.07
2010,11,26,1.06
2010,11,27,1.04
2010,11,28,1.01
2010,11,29,0.993
2010,11,30,0.973
2010,12,1,0.953
2010,12,2,0.936
2010,12,3,0.943
2010,12,4,0.956
2010,12,5,0.969
2010,12,6,0.982
2010,12,7,0.995
2010,12,8,1.01
2010,12,9,1.01
2010,12,10,0.972
2010,12,11,0.927
2010,12,12,0.883
2010,12,13,0.838
2010,12,14,0.793
2010,12,15,0.748
2010,12,16,0.708
2010,12,17,0.714
2010,12,18,0.729
2010,12,19,0.744
2010,12,20,0.754
2010,12,21,0.74
2010,12,22,0.721
2010,12,23,0.702
2010,12,24,0.684
2010,12,25,0.665
2010,12,26,0.647
2010,12,27,0.628
2010,12,28,0.617
2010,12,29,0.607
2010,12,30,0.597
2010,12,31,0.5
